-- 清空现有数据 (注意：会删除所有数据!)
SET FOREIGN_KEY_CHECKS = 0;
TRUNCATE TABLE admins;
TRUNCATE TABLE categories;
TRUNCATE TABLE components;
TRUNCATE TABLE product_skus;
TRUNCATE TABLE product_groups;
TRUNCATE TABLE customers;
TRUNCATE TABLE order_forms;
TRUNCATE TABLE homepage_featured;
TRUNCATE TABLE certifications;
TRUNCATE TABLE system_configs;
SET FOREIGN_KEY_CHECKS = 1;

-- 管理员数据
INSERT INTO admins (id, username, password, email, role, created_at, updated_at) VALUES ('390b3ad0-b7b8-4b8c-9b80-22f7e94e0f68', 'admin', '$2b$10$SQTCEqA/rppdaAaxwYXq5eSxfJridhJkkkQsciN3vrRU/BYZz2QwK', 'admin@lemopx.com', 'admin', '2025-10-31 15:31:58', '2025-11-02 15:18:59');

-- 分类数据
INSERT INTO categories (id, code, name_zh, name_en, icon, sort_order, is_auto_created, is_active, created_at, updated_at) VALUES ('833b615e-8b0b-427b-80b9-9b285dba462b', 'MP', '组合套装', 'Combo Sets', NULL, 0, 0, 1, '2025-11-09 14:13:26', '2025-11-09 14:13:26');
INSERT INTO categories (id, code, name_zh, name_en, icon, sort_order, is_auto_created, is_active, created_at, updated_at) VALUES ('661afc9e-30a0-4f5f-9e8b-24552ae6cb01', 'TB', '拖把类', 'Mops', NULL, 0, 0, 1, '2025-11-09 14:13:26', '2025-11-09 14:13:26');
INSERT INTO categories (id, code, name_zh, name_en, icon, sort_order, is_auto_created, is_active, created_at, updated_at) VALUES ('b2099c52-fc8d-483c-a3fa-2571f04aad2b', 'T', '杆件', 'Poles', NULL, 0, 0, 1, '2025-11-09 14:13:26', '2025-11-09 14:13:26');
INSERT INTO categories (id, code, name_zh, name_en, icon, sort_order, is_auto_created, is_active, created_at, updated_at) VALUES ('9105bfe8-7b1c-4e14-bf13-1f503cd98dfd', 'B', '拖把头', 'Mop Heads', NULL, 0, 0, 1, '2025-11-09 14:13:26', '2025-11-09 14:13:26');
INSERT INTO categories (id, code, name_zh, name_en, icon, sort_order, is_auto_created, is_active, created_at, updated_at) VALUES ('8aa1158d-fd77-4567-953a-6fd57615d1f1', 'S', '刷类', 'Brushes', NULL, 0, 0, 1, '2025-11-09 14:13:26', '2025-11-09 14:13:26');
INSERT INTO categories (id, code, name_zh, name_en, icon, sort_order, is_auto_created, is_active, created_at, updated_at) VALUES ('2c966856-157f-4aad-84c0-fc302b6376b8', 'CG', '玻璃&地刷类', 'Glass & Floor Brushes', NULL, 0, 0, 1, '2025-11-09 14:13:26', '2025-11-09 14:13:26');
INSERT INTO categories (id, code, name_zh, name_en, icon, sort_order, is_auto_created, is_active, created_at, updated_at) VALUES ('4c882d5f-89eb-412e-acba-a48707b9d0b4', 'CD', '除尘类', 'Dusters', NULL, 0, 0, 1, '2025-11-09 14:13:26', '2025-11-09 14:13:26');
INSERT INTO categories (id, code, name_zh, name_en, icon, sort_order, is_auto_created, is_active, created_at, updated_at) VALUES ('f7701d87-c7ce-4c4a-9f9c-1252e2fe43e2', 'MB', '抹布类', 'Cleaning Cloths', NULL, 0, 0, 1, '2025-11-09 14:13:26', '2025-11-09 14:13:26');
INSERT INTO categories (id, code, name_zh, name_en, icon, sort_order, is_auto_created, is_active, created_at, updated_at) VALUES ('2a18619b-9202-4e15-8bf9-e1487c31b7cd', 'QC', '车用类', 'Car Care', NULL, 0, 0, 1, '2025-11-09 14:13:26', '2025-11-09 14:13:26');
INSERT INTO categories (id, code, name_zh, name_en, icon, sort_order, is_auto_created, is_active, created_at, updated_at) VALUES ('a8072bb5-9d91-4f9f-94db-2d603ba7cbf4', 'CW', '宠物清洁类', 'Pet Care', NULL, 0, 0, 1, '2025-11-09 14:13:26', '2025-11-09 14:13:26');
INSERT INTO categories (id, code, name_zh, name_en, icon, sort_order, is_auto_created, is_active, created_at, updated_at) VALUES ('5bb1a956-b5f9-489a-9c90-c2fb000a4d00', 'W', '外购类', 'Outsourced Products', NULL, 0, 0, 1, '2025-11-09 14:13:26', '2025-11-09 14:13:26');
INSERT INTO categories (id, code, name_zh, name_en, icon, sort_order, is_auto_created, is_active, created_at, updated_at) VALUES ('05d5f6a3-3384-4a23-9093-efb1c2a53250', 'MX', '混合类', 'Mixed Products', NULL, 0, 0, 1, '2025-11-09 14:13:26', '2025-11-09 14:13:26');

-- 组件数据
INSERT INTO components (id, code, name_zh, name_en, description, parts, sort_order, is_active, created_at, updated_at) VALUES ('5358fd37-888d-4b45-a252-990f4465607d', 'A', '布料', 'Fabric', '家用型/Household Type', '[{"nameZh":"布料","nameEn":"Fabric"},{"nameZh":"布料2","nameEn":"Fabric 2"}]', 1, 1, '2025-11-09 18:12:02', '2025-11-10 01:58:29');
INSERT INTO components (id, code, name_zh, name_en, description, parts, sort_order, is_active, created_at, updated_at) VALUES ('54be51e0-6f7c-4e4b-95cf-7ea32b7b71c5', 'B', '掸头', 'Duster Head', '商用型/Commercial Type', '[{"nameZh":"掸头","nameEn":"Duster Head"}]', 2, 1, '2025-11-09 18:12:02', '2025-11-10 01:58:29');
INSERT INTO components (id, code, name_zh, name_en, description, parts, sort_order, is_active, created_at, updated_at) VALUES ('34fac581-995b-41ba-9593-32d5e5281b96', 'C', '底座', 'Base', '商用型/Commercial Type', '[{"nameZh":"底座","nameEn":"Base"}]', 3, 1, '2025-11-09 18:12:02', '2025-11-10 01:58:29');
INSERT INTO components (id, code, name_zh, name_en, description, parts, sort_order, is_active, created_at, updated_at) VALUES ('6bd73451-d4f9-47db-a819-505fc162e398', 'D', '杆件', 'Rod', '经济型/Economy Type', '[{"nameZh":"杆件","nameEn":"Rod"}]', 4, 1, '2025-11-09 18:12:02', '2025-11-10 01:58:29');
INSERT INTO components (id, code, name_zh, name_en, description, parts, sort_order, is_active, created_at, updated_at) VALUES ('dfc94377-07c0-46f7-a048-7ce8bd45d591', 'E', '杆身', 'Pole Body', '家用型/Household Type', '[{"nameZh":"杆身","nameEn":"Pole Body"},{"nameZh":"杆身2","nameEn":"Pole Body 2"}]', 5, 1, '2025-11-09 18:12:02', '2025-11-10 01:58:29');
INSERT INTO components (id, code, name_zh, name_en, description, parts, sort_order, is_active, created_at, updated_at) VALUES ('1420c9c3-9d47-4002-ba55-b74c33cd3259', 'F', '工具头', 'Tool Head', '商用型/Commercial Type', '[{"nameZh":"工具头","nameEn":"Tool Head"},{"nameZh":"工具头2","nameEn":"Tool Head 2"}]', 6, 1, '2025-11-09 18:12:02', '2025-11-10 01:58:29');
INSERT INTO components (id, code, name_zh, name_en, description, parts, sort_order, is_active, created_at, updated_at) VALUES ('8aa7fed6-760f-4001-9e90-f9dc662f2356', 'G', '刮条', 'Scraper', '豪华版/Deluxe Edition', '[{"nameZh":"刮条","nameEn":"Scraper"},{"nameZh":"刮条2","nameEn":"Scraper2"}]', 7, 1, '2025-11-09 18:12:02', '2025-11-10 02:07:04');
INSERT INTO components (id, code, name_zh, name_en, description, parts, sort_order, is_active, created_at, updated_at) VALUES ('044a35a0-d156-4454-a0cd-3ac67aa6a56a', 'H', '海绵', 'Sponge', '家用型/Household Type', '[{"nameZh":"海绵","nameEn":"Sponge"}]', 8, 1, '2025-11-09 18:12:02', '2025-11-10 01:58:29');
INSERT INTO components (id, code, name_zh, name_en, description, parts, sort_order, is_active, created_at, updated_at) VALUES ('1cb5df23-a452-4bd2-bdd9-df03a8029214', 'I', '连接杆', 'Connecting Rod', '专业级/Professional Grade', '[{"nameZh":"连接杆","nameEn":"Connecting Rod"}]', 9, 1, '2025-11-09 18:12:02', '2025-11-10 01:58:29');
INSERT INTO components (id, code, name_zh, name_en, description, parts, sort_order, is_active, created_at, updated_at) VALUES ('4cd934a9-6bdc-4062-a325-d8e5cb927a4c', 'J', '抹布', 'Cloth', '经济型/Economy Type', '[{"nameZh":"抹布","nameEn":"Cloth"}]', 10, 1, '2025-11-09 18:12:02', '2025-11-10 01:58:29');
INSERT INTO components (id, code, name_zh, name_en, description, parts, sort_order, is_active, created_at, updated_at) VALUES ('20abb283-310b-427a-ad78-d0dd1e1aced2', 'K', '配件', 'Accessory', '经济型/Economy Type', '[{"nameZh":"配件","nameEn":"Accessory"},{"nameZh":"配件2","nameEn":"Accessory 2"}]', 11, 1, '2025-11-09 18:12:02', '2025-11-10 01:58:29');
INSERT INTO components (id, code, name_zh, name_en, description, parts, sort_order, is_active, created_at, updated_at) VALUES ('28ef60b9-42f3-4a45-baaa-ee1a1d32524b', 'L', '喷壶', 'Spray Bottle', '专业级/Professional Grade', '[{"nameZh":"喷壶","nameEn":"Spray Bottle"},{"nameZh":"喷壶2","nameEn":"Spray Bottle 2"}]', 12, 1, '2025-11-09 18:12:02', '2025-11-10 01:58:29');
INSERT INTO components (id, code, name_zh, name_en, description, parts, sort_order, is_active, created_at, updated_at) VALUES ('3123e80f-aa96-439c-9b91-b93e8f1892df', 'M', '伸缩杆', 'Telescopic Rod', '加厚款/Thickened Version', '[{"nameZh":"伸缩杆","nameEn":"Telescopic Rod"}]', 13, 1, '2025-11-09 18:12:02', '2025-11-10 01:58:29');
INSERT INTO components (id, code, name_zh, name_en, description, parts, sort_order, is_active, created_at, updated_at) VALUES ('728b5130-26fd-4abe-a242-b455dec06e3b', 'N', '收纳盒', 'Storage Box', '商用型/Commercial Type', '[{"nameZh":"收纳盒","nameEn":"Storage Box"}]', 14, 1, '2025-11-09 18:12:02', '2025-11-10 01:58:29');
INSERT INTO components (id, code, name_zh, name_en, description, parts, sort_order, is_active, created_at, updated_at) VALUES ('b94d5dde-ec9d-4d5e-b549-6bee260f4f0d', 'O', '手柄', 'Handle', '商用型/Commercial Type', '[{"nameZh":"手柄","nameEn":"Handle"},{"nameZh":"手柄2","nameEn":"Handle 2"}]', 15, 1, '2025-11-09 18:12:02', '2025-11-10 01:58:29');
INSERT INTO components (id, code, name_zh, name_en, description, parts, sort_order, is_active, created_at, updated_at) VALUES ('5f1f20e3-0e1a-473b-920e-0cbd2751829a', 'P', '梳头', 'Comb Head', '豪华版/Deluxe Edition', '[{"nameZh":"梳头","nameEn":"Comb Head"}]', 16, 1, '2025-11-09 18:12:02', '2025-11-10 01:58:29');
INSERT INTO components (id, code, name_zh, name_en, description, parts, sort_order, is_active, created_at, updated_at) VALUES ('d1a64546-5588-4e2b-ad34-d84b31ca3637', 'Q', '刷头', 'Brush Head', '商用型/Commercial Type', '[{"nameZh":"刷头","nameEn":"Brush Head"}]', 17, 1, '2025-11-09 18:12:02', '2025-11-10 01:58:29');
INSERT INTO components (id, code, name_zh, name_en, description, parts, sort_order, is_active, created_at, updated_at) VALUES ('d45d993f-e55f-4d99-9257-df00cd9f8144', 'R', '桶体', 'Bucket Body', '家用型/Household Type', '[{"nameZh":"桶体","nameEn":"Bucket Body"}]', 18, 1, '2025-11-09 18:12:02', '2025-11-10 01:58:29');
INSERT INTO components (id, code, name_zh, name_en, description, parts, sort_order, is_active, created_at, updated_at) VALUES ('e3cf85e2-f6e2-4567-8804-e86d65013b4a', 'S', '拖把头', 'Mop Head', '商用型/Commercial Type', '[{"nameZh":"拖把头","nameEn":"Mop Head"}]', 19, 1, '2025-11-09 18:12:02', '2025-11-10 01:58:29');
INSERT INTO components (id, code, name_zh, name_en, description, parts, sort_order, is_active, created_at, updated_at) VALUES ('3d93586d-8971-4e17-8123-5311c70b2faa', 'T', '纤维布', 'Fiber Cloth', '家用型/Household Type', '[{"nameZh":"纤维布","nameEn":"Fiber Cloth"},{"nameZh":"纤维布2","nameEn":"Fiber Cloth 2"}]', 20, 1, '2025-11-09 18:12:02', '2025-11-10 01:58:29');
INSERT INTO components (id, code, name_zh, name_en, description, parts, sort_order, is_active, created_at, updated_at) VALUES ('6c319dec-6f86-40fd-a994-389ed6b9f125', 'U', '主体', 'Main Body', '商用型/Commercial Type', '[{"nameZh":"主体","nameEn":"Main Body"}]', 21, 1, '2025-11-09 18:12:02', '2025-11-10 01:58:29');

-- 产品组数据
INSERT INTO product_groups (id, prefix, group_name_zh, group_name_en, category_id, category_code, description_zh, description_en, shared_video, video_mode, min_price, max_price, spec_count, main_image, is_published, sort_order, status, visibility_tier, created_at, updated_at) VALUES ('7f72791b-6100-4ed7-87a0-5ff76d2d36e4', 'MP001', '多功能清洁套装', 'Multi-Purpose Cleaning Set', NULL, 'MP', NULL, NULL, NULL, 'shared', NULL, NULL, 0, NULL, 0, 0, 'inactive', 'ALL', '2025-11-09 14:13:26', '2025-11-09 14:13:26');
INSERT INTO product_groups (id, prefix, group_name_zh, group_name_en, category_id, category_code, description_zh, description_en, shared_video, video_mode, min_price, max_price, spec_count, main_image, is_published, sort_order, status, visibility_tier, created_at, updated_at) VALUES ('93f95519-f371-4744-9ee4-c242f1597bfd', 'TB001', '旋转拖把', 'Spin Mop', NULL, 'TB', NULL, NULL, NULL, 'shared', NULL, NULL, 0, NULL, 0, 0, 'inactive', 'ALL', '2025-11-09 14:13:26', '2025-11-09 14:13:26');
INSERT INTO product_groups (id, prefix, group_name_zh, group_name_en, category_id, category_code, description_zh, description_en, shared_video, video_mode, min_price, max_price, spec_count, main_image, is_published, sort_order, status, visibility_tier, created_at, updated_at) VALUES ('a6798391-a680-48ea-baf0-7d3a939e06f9', 'T001', '伸缩杆', 'Telescopic Pole', NULL, 'T', NULL, NULL, NULL, 'shared', NULL, NULL, 0, NULL, 0, 0, 'inactive', 'ALL', '2025-11-09 14:13:26', '2025-11-09 14:13:26');
INSERT INTO product_groups (id, prefix, group_name_zh, group_name_en, category_id, category_code, description_zh, description_en, shared_video, video_mode, min_price, max_price, spec_count, main_image, is_published, sort_order, status, visibility_tier, created_at, updated_at) VALUES ('56436936-7dde-4046-aa8f-c379c9f94106', 'B001', '拖把头', 'Mop Head', NULL, 'B', NULL, NULL, NULL, 'shared', NULL, NULL, 0, NULL, 0, 0, 'inactive', 'ALL', '2025-11-09 14:13:26', '2025-11-09 14:13:26');
INSERT INTO product_groups (id, prefix, group_name_zh, group_name_en, category_id, category_code, description_zh, description_en, shared_video, video_mode, min_price, max_price, spec_count, main_image, is_published, sort_order, status, visibility_tier, created_at, updated_at) VALUES ('2bb17599-5f3c-4961-a97e-3cf0bfe9f666', 'S001', '马桶刷套装', 'Toilet Brush Set', NULL, 'S', NULL, NULL, NULL, 'shared', NULL, NULL, 0, NULL, 0, 0, 'inactive', 'ALL', '2025-11-09 14:13:27', '2025-11-09 14:13:27');
INSERT INTO product_groups (id, prefix, group_name_zh, group_name_en, category_id, category_code, description_zh, description_en, shared_video, video_mode, min_price, max_price, spec_count, main_image, is_published, sort_order, status, visibility_tier, created_at, updated_at) VALUES ('7ed08055-1726-43e0-a4b7-cb049a63109d', 'CG001', '玻璃刮', 'Window Squeegee', NULL, 'CG', NULL, NULL, NULL, 'shared', NULL, NULL, 0, NULL, 0, 0, 'inactive', 'ALL', '2025-11-09 14:13:27', '2025-11-09 14:13:27');
INSERT INTO product_groups (id, prefix, group_name_zh, group_name_en, category_id, category_code, description_zh, description_en, shared_video, video_mode, min_price, max_price, spec_count, main_image, is_published, sort_order, status, visibility_tier, created_at, updated_at) VALUES ('ad28311d-cf79-4e1d-aeb2-735c7bb0d141', 'CD001', '除尘掸', 'Duster', NULL, 'CD', NULL, NULL, NULL, 'shared', NULL, NULL, 0, NULL, 0, 0, 'inactive', 'ALL', '2025-11-09 14:13:27', '2025-11-09 14:13:27');
INSERT INTO product_groups (id, prefix, group_name_zh, group_name_en, category_id, category_code, description_zh, description_en, shared_video, video_mode, min_price, max_price, spec_count, main_image, is_published, sort_order, status, visibility_tier, created_at, updated_at) VALUES ('37d2704e-d537-49a1-9eee-a64ee53d72b8', 'MB001', '清洁抹布', 'Cleaning Cloth', NULL, 'MB', NULL, NULL, NULL, 'shared', NULL, NULL, 0, NULL, 0, 0, 'inactive', 'ALL', '2025-11-09 14:13:27', '2025-11-09 14:13:27');
INSERT INTO product_groups (id, prefix, group_name_zh, group_name_en, category_id, category_code, description_zh, description_en, shared_video, video_mode, min_price, max_price, spec_count, main_image, is_published, sort_order, status, visibility_tier, created_at, updated_at) VALUES ('41f014e5-939e-4515-982b-d91c6d86d9c4', 'QC001', '汽车清洁套装', 'Car Cleaning Kit', NULL, 'QC', NULL, NULL, NULL, 'shared', NULL, NULL, 0, NULL, 0, 0, 'inactive', 'ALL', '2025-11-09 14:13:27', '2025-11-09 14:13:27');
INSERT INTO product_groups (id, prefix, group_name_zh, group_name_en, category_id, category_code, description_zh, description_en, shared_video, video_mode, min_price, max_price, spec_count, main_image, is_published, sort_order, status, visibility_tier, created_at, updated_at) VALUES ('9ab734d1-3bc7-478a-b5b3-0fa085402013', 'CW001', '宠物清洁工具', 'Pet Cleaning Tool', NULL, 'CW', NULL, NULL, NULL, 'shared', NULL, NULL, 0, NULL, 0, 0, 'inactive', 'ALL', '2025-11-09 14:13:27', '2025-11-09 14:13:27');
INSERT INTO product_groups (id, prefix, group_name_zh, group_name_en, category_id, category_code, description_zh, description_en, shared_video, video_mode, min_price, max_price, spec_count, main_image, is_published, sort_order, status, visibility_tier, created_at, updated_at) VALUES ('0eafc908-6829-496f-bd96-be2684948528', 'W001', '外购清洁用品', 'Outsourced Supplies', NULL, 'W', NULL, NULL, NULL, 'shared', NULL, NULL, 0, NULL, 0, 0, 'inactive', 'ALL', '2025-11-09 14:13:27', '2025-11-09 14:13:27');
INSERT INTO product_groups (id, prefix, group_name_zh, group_name_en, category_id, category_code, description_zh, description_en, shared_video, video_mode, min_price, max_price, spec_count, main_image, is_published, sort_order, status, visibility_tier, created_at, updated_at) VALUES ('2407def2-0c16-4a77-ad13-c3694fa13d26', 'MX001', '混合清洁工具', 'Mixed Cleaning Tools', NULL, 'MX', NULL, NULL, NULL, 'shared', NULL, NULL, 0, NULL, 0, 0, 'inactive', 'ALL', '2025-11-09 14:13:27', '2025-11-09 14:13:27');
INSERT INTO product_groups (id, prefix, group_name_zh, group_name_en, category_id, category_code, description_zh, description_en, shared_video, video_mode, min_price, max_price, spec_count, main_image, is_published, sort_order, status, visibility_tier, created_at, updated_at) VALUES ('515a6891-ba8a-48fe-90b3-93a77bbb07a1', 'TB008', '拖把008', 'tuoba008', '661afc9e-30a0-4f5f-9e8b-24552ae6cb01', NULL, NULL, NULL, NULL, 'shared', NULL, NULL, 0, NULL, 1, 0, 'inactive', 'ALL', '2025-11-10 01:50:40', '2025-11-10 01:50:40');

-- 产品SKU数据
INSERT INTO product_skus (id, group_id, product_code, product_name, title, subtitle, brand, specification, product_spec, additional_attributes, price, images, video, use_shared_video, import_date, status, created_at, updated_at) VALUES ('2a1cbe7e-e604-4269-89b3-90644c7daa64', '7f72791b-6100-4ed7-87a0-5ff76d2d36e4', 'C04.01.0001', '多功能清洁套装-标准款', 'Multi-Purpose Cleaning Set - 多功能清洁套装-标准款', NULL, NULL, NULL, '[{"code":"A","name":"布料","spec":"家用型/Household Type","parts":["伸缩杆"],"nameEn":"Fabric"},{"code":"B","name":"掸头","spec":"商用型/Commercial Type","parts":["拖把头"],"nameEn":"Duster Head"},{"code":"C","name":"底座","spec":"商用型/Commercial Type","parts":["刷头"],"nameEn":"Base"},{"code":"D","name":"杆件","spec":"经济型/Economy Type","parts":["抹布"],"nameEn":"Rod"}]', '[{"componentCode":"A","colorSchemes":[{"id":"scheme-1762697606794-0","name":"配色方案1","colors":[{"part":"布料","color":"深蓝/Custom Color","hexColor":"#00008B"},{"part":"布料2","color":"浅灰/Light Gray","hexColor":"#D3D3D3"}]},{"id":"scheme-1762697606794-1","name":"配色方案2","colors":[{"part":"布料","color":"草绿/Custom Color","hexColor":"#7CFC00"},{"part":"布料2","color":"浅灰/Light Gray","hexColor":"#D3D3D3"}]},{"id":"scheme-1762697606794-2","name":"配色方案3","colors":[{"part":"布料","color":"绿色/Green","hexColor":"#00FF00"},{"part":"布料2","color":"浅灰/Light Gray","hexColor":"#D3D3D3"}]}]},{"componentCode":"B","colorSchemes":[{"id":"scheme-1762697606794-0","name":"配色方案1","colors":[{"part":"掸头","color":"浅灰/Light Gray","hexColor":"#D3D3D3"}]},{"id":"scheme-1762697606794-1","name":"配色方案2","colors":[{"part":"掸头","color":"草绿/Custom Color","hexColor":"#7CFC00"}]},{"id":"scheme-1762697606794-2","name":"配色方案3","colors":[{"part":"掸头","color":"白色/White","hexColor":"#FFFFFF"}]}]},{"componentCode":"C","colorSchemes":[{"id":"scheme-1762697606794-0","name":"配色方案1","colors":[{"part":"底座","color":"草绿/Custom Color","hexColor":"#7CFC00"}]},{"id":"scheme-1762697606794-1","name":"配色方案2","colors":[{"part":"底座","color":"玫红/Custom Color","hexColor":"#FF1493"}]},{"id":"scheme-1762697606794-2","name":"配色方案3","colors":[{"part":"底座","color":"绿色/Green","hexColor":"#00FF00"}]}]},{"componentCode":"D","colorSchemes":[{"id":"scheme-1762697606794-0","name":"配色方案1","colors":[{"part":"杆件","color":"草绿/Custom Color","hexColor":"#7CFC00"}]},{"id":"scheme-1762697606794-1","name":"配色方案2","colors":[{"part":"杆件","color":"橙色/Orange","hexColor":"#FFA500"}]},{"id":"scheme-1762697606794-2","name":"配色方案3","colors":[{"part":"杆件","color":"天蓝/Custom Color","hexColor":"#87CEEB"}]}]}]', 89, '["/uploads/images/image_coll1_1762697606523_eegvqj.png","/uploads/images/image_coll2_1762697606543_zwiyuc.png","/uploads/images/image_coll3_1762697606565_kt5ano.png","/uploads/images/image_coll4_1762697606585_7r97o1.png"]', '{"url":"/uploads/videos/video_test_1762697606755_wlg75s.mp4","type":"mp4"}', 1, NULL, 'ACTIVE', '2025-11-09 14:13:26', '2025-11-10 02:18:50');
INSERT INTO product_skus (id, group_id, product_code, product_name, title, subtitle, brand, specification, product_spec, additional_attributes, price, images, video, use_shared_video, import_date, status, created_at, updated_at) VALUES ('f8640d15-3fa2-4925-a54c-c41c7585e131', '7f72791b-6100-4ed7-87a0-5ff76d2d36e4', 'C04.01.0002', '多功能清洁套装-豪华款', 'Multi-Purpose Cleaning Set - 多功能清洁套装-豪华款', NULL, NULL, NULL, '[{"code":"A","name":"布料","spec":"家用型/Household Type","parts":["伸缩杆"],"nameEn":"Fabric"},{"code":"B","name":"掸头","spec":"商用型/Commercial Type","parts":["拖把头"],"nameEn":"Duster Head"},{"code":"C","name":"底座","spec":"商用型/Commercial Type","parts":["刷头"],"nameEn":"Base"},{"code":"D","name":"杆件","spec":"经济型/Economy Type","parts":["抹布"],"nameEn":"Rod"}]', '[{"componentCode":"A","colorSchemes":[{"id":"scheme-1762697606819-0","name":"配色方案1","colors":[{"part":"布料","color":"草绿/Custom Color","hexColor":"#7CFC00"},{"part":"布料2","color":"浅灰/Light Gray","hexColor":"#D3D3D3"}]},{"id":"scheme-1762697606819-1","name":"配色方案2","colors":[{"part":"布料","color":"橙色/Orange","hexColor":"#FFA500"},{"part":"布料2","color":"浅灰/Light Gray","hexColor":"#D3D3D3"}]}]},{"componentCode":"B","colorSchemes":[{"id":"scheme-1762697606819-0","name":"配色方案1","colors":[{"part":"掸头","color":"紫色/Purple","hexColor":"#800080"}]},{"id":"scheme-1762697606819-1","name":"配色方案2","colors":[{"part":"掸头","color":"白色/White","hexColor":"#FFFFFF"}]}]},{"componentCode":"C","colorSchemes":[{"id":"scheme-1762697606819-0","name":"配色方案1","colors":[{"part":"底座","color":"棕色/Brown","hexColor":"#A52A2A"}]},{"id":"scheme-1762697606819-1","name":"配色方案2","colors":[{"part":"底座","color":"黄色/Yellow","hexColor":"#FFFF00"}]}]},{"componentCode":"D","colorSchemes":[{"id":"scheme-1762697606819-0","name":"配色方案1","colors":[{"part":"杆件","color":"蓝色/Blue","hexColor":"#0000FF"}]},{"id":"scheme-1762697606819-1","name":"配色方案2","colors":[{"part":"杆件","color":"紫色/Purple","hexColor":"#800080"}]}]}]', 112, '["/uploads/images/image_coll1_1762697606523_eegvqj.png","/uploads/images/image_coll2_1762697606543_zwiyuc.png","/uploads/images/image_coll3_1762697606565_kt5ano.png","/uploads/images/image_coll4_1762697606585_7r97o1.png"]', NULL, 1, NULL, 'ACTIVE', '2025-11-09 14:13:26', '2025-11-10 02:18:50');
INSERT INTO product_skus (id, group_id, product_code, product_name, title, subtitle, brand, specification, product_spec, additional_attributes, price, images, video, use_shared_video, import_date, status, created_at, updated_at) VALUES ('efd96eb2-2735-4bb4-8b73-74c121240920', '7f72791b-6100-4ed7-87a0-5ff76d2d36e4', 'C04.01.0003', '多功能清洁套装-高级款', 'Multi-Purpose Cleaning Set - 多功能清洁套装-高级款', NULL, NULL, NULL, '[{"code":"A","name":"布料","spec":"家用型/Household Type","parts":["伸缩杆"],"nameEn":"Fabric"},{"code":"B","name":"掸头","spec":"商用型/Commercial Type","parts":["拖把头"],"nameEn":"Duster Head"},{"code":"C","name":"底座","spec":"商用型/Commercial Type","parts":["刷头"],"nameEn":"Base"},{"code":"D","name":"杆件","spec":"经济型/Economy Type","parts":["抹布"],"nameEn":"Rod"}]', '[{"componentCode":"A","colorSchemes":[{"id":"scheme-1762697606838-0","name":"配色方案1","colors":[{"part":"布料","color":"米色/Beige","hexColor":"#F5F5DC"},{"part":"布料2","color":"浅灰/Light Gray","hexColor":"#D3D3D3"}]}]},{"componentCode":"B","colorSchemes":[{"id":"scheme-1762697606838-0","name":"配色方案1","colors":[{"part":"掸头","color":"灰色/Gray","hexColor":"#808080"}]}]},{"componentCode":"C","colorSchemes":[{"id":"scheme-1762697606838-0","name":"配色方案1","colors":[{"part":"底座","color":"红色/Red","hexColor":"#FF0000"}]}]},{"componentCode":"D","colorSchemes":[{"id":"scheme-1762697606838-0","name":"配色方案1","colors":[{"part":"杆件","color":"灰色/Gray","hexColor":"#808080"}]}]}]', 145, '["/uploads/images/image_coll1_1762697606523_eegvqj.png","/uploads/images/image_coll2_1762697606543_zwiyuc.png","/uploads/images/image_coll3_1762697606565_kt5ano.png","/uploads/images/image_coll4_1762697606585_7r97o1.png"]', NULL, 1, NULL, 'ACTIVE', '2025-11-09 14:13:26', '2025-11-10 02:18:50');
INSERT INTO product_skus (id, group_id, product_code, product_name, title, subtitle, brand, specification, product_spec, additional_attributes, price, images, video, use_shared_video, import_date, status, created_at, updated_at) VALUES ('3494c8eb-bb99-4ff1-9553-16dd28d1ee20', '93f95519-f371-4744-9ee4-c242f1597bfd', 'C04.01.0004', '旋转拖把-标准款', 'Spin Mop - 旋转拖把-标准款', NULL, NULL, NULL, '[{"code":"A","name":"布料","spec":"家用型/Household Type","parts":["杆件"],"nameEn":"Fabric"},{"code":"B","name":"掸头","spec":"商用型/Commercial Type","parts":["拖把头"],"nameEn":"Duster Head"},{"code":"C","name":"底座","spec":"商用型/Commercial Type","parts":["桶体"],"nameEn":"Base"}]', '[{"componentCode":"A","colorSchemes":[{"id":"scheme-1762697606867-0","name":"配色方案1","colors":[{"part":"布料","color":"天蓝/Custom Color","hexColor":"#87CEEB"},{"part":"布料2","color":"浅灰/Light Gray","hexColor":"#D3D3D3"}]},{"id":"scheme-1762697606867-1","name":"配色方案2","colors":[{"part":"布料","color":"灰色/Gray","hexColor":"#808080"},{"part":"布料2","color":"浅灰/Light Gray","hexColor":"#D3D3D3"}]},{"id":"scheme-1762697606867-2","name":"配色方案3","colors":[{"part":"布料","color":"黑色/Black","hexColor":"#000000"},{"part":"布料2","color":"浅灰/Light Gray","hexColor":"#D3D3D3"}]}]},{"componentCode":"B","colorSchemes":[{"id":"scheme-1762697606867-0","name":"配色方案1","colors":[{"part":"掸头","color":"黑色/Black","hexColor":"#000000"}]},{"id":"scheme-1762697606867-1","name":"配色方案2","colors":[{"part":"掸头","color":"金色/Gold","hexColor":"#FFD700"}]},{"id":"scheme-1762697606867-2","name":"配色方案3","colors":[{"part":"掸头","color":"深蓝/Custom Color","hexColor":"#00008B"}]}]},{"componentCode":"C","colorSchemes":[{"id":"scheme-1762697606867-0","name":"配色方案1","colors":[{"part":"底座","color":"玫红/Custom Color","hexColor":"#FF1493"}]},{"id":"scheme-1762697606867-1","name":"配色方案2","colors":[{"part":"底座","color":"深蓝/Custom Color","hexColor":"#00008B"}]},{"id":"scheme-1762697606867-2","name":"配色方案3","colors":[{"part":"底座","color":"玫红/Custom Color","hexColor":"#FF1493"}]}]}]', 96, '["/uploads/images/image_coll2_1762697606543_zwiyuc.png","/uploads/images/image_coll3_1762697606565_kt5ano.png","/uploads/images/image_coll4_1762697606585_7r97o1.png","/uploads/images/image_unnamed_1762697606606_f0in91.png"]', '{"url":"/uploads/videos/video_test_1762697606755_wlg75s.mp4","type":"mp4"}', 1, NULL, 'ACTIVE', '2025-11-09 14:13:26', '2025-11-10 02:18:50');
INSERT INTO product_skus (id, group_id, product_code, product_name, title, subtitle, brand, specification, product_spec, additional_attributes, price, images, video, use_shared_video, import_date, status, created_at, updated_at) VALUES ('994b5e59-6105-4ee4-9cb8-df75d69428f5', '93f95519-f371-4744-9ee4-c242f1597bfd', 'C04.01.0005', '旋转拖把-豪华款', 'Spin Mop - 旋转拖把-豪华款', NULL, NULL, NULL, '[{"code":"A","name":"布料","spec":"家用型/Household Type","parts":["杆件"],"nameEn":"Fabric"},{"code":"B","name":"掸头","spec":"商用型/Commercial Type","parts":["拖把头"],"nameEn":"Duster Head"},{"code":"C","name":"底座","spec":"商用型/Commercial Type","parts":["桶体"],"nameEn":"Base"}]', '[{"componentCode":"A","colorSchemes":[{"id":"scheme-1762697606888-0","name":"配色方案1","colors":[{"part":"布料","color":"米色/Beige","hexColor":"#F5F5DC"},{"part":"布料2","color":"浅灰/Light Gray","hexColor":"#D3D3D3"}]},{"id":"scheme-1762697606888-1","name":"配色方案2","colors":[{"part":"布料","color":"玫红/Custom Color","hexColor":"#FF1493"},{"part":"布料2","color":"浅灰/Light Gray","hexColor":"#D3D3D3"}]},{"id":"scheme-1762697606888-2","name":"配色方案3","colors":[{"part":"布料","color":"橙色/Orange","hexColor":"#FFA500"},{"part":"布料2","color":"浅灰/Light Gray","hexColor":"#D3D3D3"}]}]},{"componentCode":"B","colorSchemes":[{"id":"scheme-1762697606888-0","name":"配色方案1","colors":[{"part":"掸头","color":"浅灰/Light Gray","hexColor":"#D3D3D3"}]},{"id":"scheme-1762697606888-1","name":"配色方案2","colors":[{"part":"掸头","color":"玫红/Custom Color","hexColor":"#FF1493"}]},{"id":"scheme-1762697606888-2","name":"配色方案3","colors":[{"part":"掸头","color":"米色/Beige","hexColor":"#F5F5DC"}]}]},{"componentCode":"C","colorSchemes":[{"id":"scheme-1762697606888-0","name":"配色方案1","colors":[{"part":"底座","color":"玫红/Custom Color","hexColor":"#FF1493"}]},{"id":"scheme-1762697606888-1","name":"配色方案2","colors":[{"part":"底座","color":"粉色/Pink","hexColor":"#FFC0CB"}]},{"id":"scheme-1762697606888-2","name":"配色方案3","colors":[{"part":"底座","color":"粉色/Pink","hexColor":"#FFC0CB"}]}]}]', 122, '["/uploads/images/image_coll2_1762697606543_zwiyuc.png","/uploads/images/image_coll3_1762697606565_kt5ano.png","/uploads/images/image_coll4_1762697606585_7r97o1.png","/uploads/images/image_unnamed_1762697606606_f0in91.png"]', NULL, 1, NULL, 'ACTIVE', '2025-11-09 14:13:26', '2025-11-10 02:18:50');
INSERT INTO product_skus (id, group_id, product_code, product_name, title, subtitle, brand, specification, product_spec, additional_attributes, price, images, video, use_shared_video, import_date, status, created_at, updated_at) VALUES ('c31f38ed-7b91-4d66-b986-c705f1ee906a', '93f95519-f371-4744-9ee4-c242f1597bfd', 'C04.01.0006', '旋转拖把-高级款', 'Spin Mop - 旋转拖把-高级款', NULL, NULL, NULL, '[{"code":"A","name":"布料","spec":"家用型/Household Type","parts":["杆件"],"nameEn":"Fabric"},{"code":"B","name":"掸头","spec":"商用型/Commercial Type","parts":["拖把头"],"nameEn":"Duster Head"},{"code":"C","name":"底座","spec":"商用型/Commercial Type","parts":["桶体"],"nameEn":"Base"}]', '[{"componentCode":"A","colorSchemes":[{"id":"scheme-1762697606905-0","name":"配色方案1","colors":[{"part":"布料","color":"银色/Silver","hexColor":"#C0C0C0"},{"part":"布料2","color":"浅灰/Light Gray","hexColor":"#D3D3D3"}]},{"id":"scheme-1762697606905-1","name":"配色方案2","colors":[{"part":"布料","color":"紫色/Purple","hexColor":"#800080"},{"part":"布料2","color":"浅灰/Light Gray","hexColor":"#D3D3D3"}]},{"id":"scheme-1762697606905-2","name":"配色方案3","colors":[{"part":"布料","color":"棕色/Brown","hexColor":"#A52A2A"},{"part":"布料2","color":"浅灰/Light Gray","hexColor":"#D3D3D3"}]}]},{"componentCode":"B","colorSchemes":[{"id":"scheme-1762697606905-0","name":"配色方案1","colors":[{"part":"掸头","color":"灰色/Gray","hexColor":"#808080"}]},{"id":"scheme-1762697606905-1","name":"配色方案2","colors":[{"part":"掸头","color":"红色/Red","hexColor":"#FF0000"}]},{"id":"scheme-1762697606905-2","name":"配色方案3","colors":[{"part":"掸头","color":"白色/White","hexColor":"#FFFFFF"}]}]},{"componentCode":"C","colorSchemes":[{"id":"scheme-1762697606905-0","name":"配色方案1","colors":[{"part":"底座","color":"草绿/Custom Color","hexColor":"#7CFC00"}]},{"id":"scheme-1762697606905-1","name":"配色方案2","colors":[{"part":"底座","color":"米色/Beige","hexColor":"#F5F5DC"}]},{"id":"scheme-1762697606905-2","name":"配色方案3","colors":[{"part":"底座","color":"蓝色/Blue","hexColor":"#0000FF"}]}]}]', 145, '["/uploads/images/image_coll2_1762697606543_zwiyuc.png","/uploads/images/image_coll3_1762697606565_kt5ano.png","/uploads/images/image_coll4_1762697606585_7r97o1.png","/uploads/images/image_unnamed_1762697606606_f0in91.png"]', NULL, 1, NULL, 'ACTIVE', '2025-11-09 14:13:26', '2025-11-10 02:18:50');
INSERT INTO product_skus (id, group_id, product_code, product_name, title, subtitle, brand, specification, product_spec, additional_attributes, price, images, video, use_shared_video, import_date, status, created_at, updated_at) VALUES ('cf0f1aed-c22f-4479-9791-b49b06e2daad', 'a6798391-a680-48ea-baf0-7d3a939e06f9', 'C04.01.0007', '伸缩杆-标准款', 'Telescopic Pole - 伸缩杆-标准款', NULL, NULL, NULL, '[{"code":"A","name":"布料","spec":"家用型/Household Type","parts":["杆身","杆身2"],"nameEn":"Fabric"},{"code":"B","name":"掸头","spec":"商用型/Commercial Type","parts":["手柄"],"nameEn":"Duster Head"}]', '[{"componentCode":"A","colorSchemes":[{"id":"scheme-1762697606938-0","name":"配色方案1","colors":[{"part":"布料","color":"浅灰/Light Gray","hexColor":"#D3D3D3"},{"part":"布料2","color":"紫色/Purple","hexColor":"#800080"}]},{"id":"scheme-1762697606938-1","name":"配色方案2","colors":[{"part":"布料","color":"橙色/Orange","hexColor":"#FFA500"},{"part":"布料2","color":"黄色/Yellow","hexColor":"#FFFF00"}]},{"id":"scheme-1762697606938-2","name":"配色方案3","colors":[{"part":"布料","color":"银色/Silver","hexColor":"#C0C0C0"},{"part":"布料2","color":"蓝色/Blue","hexColor":"#0000FF"}]}]},{"componentCode":"B","colorSchemes":[{"id":"scheme-1762697606938-0","name":"配色方案1","colors":[{"part":"掸头","color":"绿色/Green","hexColor":"#00FF00"}]},{"id":"scheme-1762697606938-1","name":"配色方案2","colors":[{"part":"掸头","color":"橙色/Orange","hexColor":"#FFA500"}]},{"id":"scheme-1762697606938-2","name":"配色方案3","colors":[{"part":"掸头","color":"银色/Silver","hexColor":"#C0C0C0"}]}]}]', 84, '["/uploads/images/image_coll3_1762697606565_kt5ano.png","/uploads/images/image_coll4_1762697606585_7r97o1.png","/uploads/images/image_unnamed_1762697606606_f0in91.png","/uploads/images/image_unnamed__1__1762697606622_ouobk3.png"]', '{"url":"/uploads/videos/video_test_1762697606755_wlg75s.mp4","type":"mp4"}', 1, NULL, 'ACTIVE', '2025-11-09 14:13:26', '2025-11-10 02:18:50');
INSERT INTO product_skus (id, group_id, product_code, product_name, title, subtitle, brand, specification, product_spec, additional_attributes, price, images, video, use_shared_video, import_date, status, created_at, updated_at) VALUES ('8905c29e-716d-4e4c-acbd-a885f63d850a', 'a6798391-a680-48ea-baf0-7d3a939e06f9', 'C04.01.0008', '伸缩杆-豪华款', 'Telescopic Pole - 伸缩杆-豪华款', NULL, NULL, NULL, '[{"code":"A","name":"布料","spec":"家用型/Household Type","parts":["杆身","杆身2"],"nameEn":"Fabric"},{"code":"B","name":"掸头","spec":"商用型/Commercial Type","parts":["手柄"],"nameEn":"Duster Head"}]', '[{"componentCode":"A","colorSchemes":[{"id":"scheme-1762697606955-0","name":"配色方案1","colors":[{"part":"布料","color":"草绿/Custom Color","hexColor":"#7CFC00"},{"part":"布料2","color":"黄色/Yellow","hexColor":"#FFFF00"}]},{"id":"scheme-1762697606955-1","name":"配色方案2","colors":[{"part":"布料","color":"蓝色/Blue","hexColor":"#0000FF"},{"part":"布料2","color":"黑色/Black","hexColor":"#000000"}]}]},{"componentCode":"B","colorSchemes":[{"id":"scheme-1762697606955-0","name":"配色方案1","colors":[{"part":"掸头","color":"浅灰/Light Gray","hexColor":"#D3D3D3"}]},{"id":"scheme-1762697606955-1","name":"配色方案2","colors":[{"part":"掸头","color":"棕色/Brown","hexColor":"#A52A2A"}]}]}]', 119, '["/uploads/images/image_coll3_1762697606565_kt5ano.png","/uploads/images/image_coll4_1762697606585_7r97o1.png","/uploads/images/image_unnamed_1762697606606_f0in91.png","/uploads/images/image_unnamed__1__1762697606622_ouobk3.png"]', NULL, 1, NULL, 'ACTIVE', '2025-11-09 14:13:26', '2025-11-10 02:18:50');
INSERT INTO product_skus (id, group_id, product_code, product_name, title, subtitle, brand, specification, product_spec, additional_attributes, price, images, video, use_shared_video, import_date, status, created_at, updated_at) VALUES ('148e154a-344d-431a-9df4-7732da6bcbd7', '56436936-7dde-4046-aa8f-c379c9f94106', 'C04.01.0009', '拖把头-标准款', 'Mop Head - 拖把头-标准款', NULL, NULL, NULL, '[{"code":"A","name":"布料","spec":"家用型/Household Type","parts":["纤维布","纤维布2"],"nameEn":"Fabric"},{"code":"B","name":"掸头","spec":"商用型/Commercial Type","parts":["底座"],"nameEn":"Duster Head"}]', '[{"componentCode":"A","colorSchemes":[{"id":"scheme-1762697606988-0","name":"配色方案1","colors":[{"part":"布料","color":"橙色/Orange","hexColor":"#FFA500"},{"part":"布料2","color":"天蓝/Custom Color","hexColor":"#87CEEB"}]},{"id":"scheme-1762697606988-1","name":"配色方案2","colors":[{"part":"布料","color":"白色/White","hexColor":"#FFFFFF"},{"part":"布料2","color":"草绿/Custom Color","hexColor":"#7CFC00"}]}]},{"componentCode":"B","colorSchemes":[{"id":"scheme-1762697606988-0","name":"配色方案1","colors":[{"part":"掸头","color":"银色/Silver","hexColor":"#C0C0C0"}]},{"id":"scheme-1762697606988-1","name":"配色方案2","colors":[{"part":"掸头","color":"玫红/Custom Color","hexColor":"#FF1493"}]}]}]', 84, '["/uploads/images/image_coll4_1762697606585_7r97o1.png","/uploads/images/image_unnamed_1762697606606_f0in91.png","/uploads/images/image_unnamed__1__1762697606622_ouobk3.png","/uploads/images/image_unnamed__2__1762697606637_jxstap.png"]', NULL, 1, NULL, 'ACTIVE', '2025-11-09 14:13:27', '2025-11-10 02:18:50');
INSERT INTO product_skus (id, group_id, product_code, product_name, title, subtitle, brand, specification, product_spec, additional_attributes, price, images, video, use_shared_video, import_date, status, created_at, updated_at) VALUES ('ac53f7a5-e2dd-4c97-ae3c-fbab996f5824', '56436936-7dde-4046-aa8f-c379c9f94106', 'C04.01.0010', '拖把头-豪华款', 'Mop Head - 拖把头-豪华款', NULL, NULL, NULL, '[{"code":"A","name":"布料","spec":"家用型/Household Type","parts":["纤维布","纤维布2"],"nameEn":"Fabric"},{"code":"B","name":"掸头","spec":"商用型/Commercial Type","parts":["底座"],"nameEn":"Duster Head"}]', '[{"componentCode":"A","colorSchemes":[{"id":"scheme-1762697607005-0","name":"配色方案1","colors":[{"part":"布料","color":"深灰/Dark Gray","hexColor":"#404040"},{"part":"布料2","color":"黄色/Yellow","hexColor":"#FFFF00"}]},{"id":"scheme-1762697607005-1","name":"配色方案2","colors":[{"part":"布料","color":"金色/Gold","hexColor":"#FFD700"},{"part":"布料2","color":"深蓝/Custom Color","hexColor":"#00008B"}]}]},{"componentCode":"B","colorSchemes":[{"id":"scheme-1762697607005-0","name":"配色方案1","colors":[{"part":"掸头","color":"蓝色/Blue","hexColor":"#0000FF"}]},{"id":"scheme-1762697607005-1","name":"配色方案2","colors":[{"part":"掸头","color":"天蓝/Custom Color","hexColor":"#87CEEB"}]}]}]', 115, '["/uploads/images/image_coll4_1762697606585_7r97o1.png","/uploads/images/image_unnamed_1762697606606_f0in91.png","/uploads/images/image_unnamed__1__1762697606622_ouobk3.png","/uploads/images/image_unnamed__2__1762697606637_jxstap.png"]', NULL, 1, NULL, 'ACTIVE', '2025-11-09 14:13:27', '2025-11-10 02:18:50');
INSERT INTO product_skus (id, group_id, product_code, product_name, title, subtitle, brand, specification, product_spec, additional_attributes, price, images, video, use_shared_video, import_date, status, created_at, updated_at) VALUES ('f1b42559-c87c-4c4c-8e0d-b08922100053', '2bb17599-5f3c-4961-a97e-3cf0bfe9f666', 'C04.01.0011', '马桶刷套装-标准款', 'Toilet Brush Set - 马桶刷套装-标准款', NULL, NULL, NULL, '[{"code":"A","name":"布料","spec":"家用型/Household Type","parts":["刷头"],"nameEn":"Fabric"},{"code":"B","name":"掸头","spec":"商用型/Commercial Type","parts":["手柄"],"nameEn":"Duster Head"},{"code":"C","name":"底座","spec":"商用型/Commercial Type","parts":["底座"]}]', '[{"componentCode":"A","colorSchemes":[{"id":"scheme-1762697607034-0","name":"配色方案1","colors":[{"part":"布料","color":"紫色/Purple","hexColor":"#800080"},{"part":"布料2","color":"浅灰/Light Gray","hexColor":"#D3D3D3"}]},{"id":"scheme-1762697607034-1","name":"配色方案2","colors":[{"part":"布料","color":"黄色/Yellow","hexColor":"#FFFF00"},{"part":"布料2","color":"浅灰/Light Gray","hexColor":"#D3D3D3"}]}]},{"componentCode":"B","colorSchemes":[{"id":"scheme-1762697607034-0","name":"配色方案1","colors":[{"part":"掸头","color":"橙色/Orange","hexColor":"#FFA500"}]},{"id":"scheme-1762697607034-1","name":"配色方案2","colors":[{"part":"掸头","color":"玫红/Custom Color","hexColor":"#FF1493"}]}]},{"componentCode":"C","colorSchemes":[{"id":"scheme-1762697607034-0","name":"配色方案1","colors":[{"part":"底座","color":"玫红/Custom Color","hexColor":"#FF1493"}]},{"id":"scheme-1762697607034-1","name":"配色方案2","colors":[{"part":"底座","color":"粉色/Pink","hexColor":"#FFC0CB"}]}]}]', 93, '["/uploads/images/image_unnamed_1762697606606_f0in91.png","/uploads/images/image_unnamed__1__1762697606622_ouobk3.png","/uploads/images/image_unnamed__2__1762697606637_jxstap.png","/uploads/images/image_unnamed__3__1762697606667_dyuhwd.png"]', NULL, 1, NULL, 'ACTIVE', '2025-11-09 14:13:27', '2025-11-10 02:18:50');
INSERT INTO product_skus (id, group_id, product_code, product_name, title, subtitle, brand, specification, product_spec, additional_attributes, price, images, video, use_shared_video, import_date, status, created_at, updated_at) VALUES ('ad482a44-2df6-49c2-92db-14c3cbf644b3', '2bb17599-5f3c-4961-a97e-3cf0bfe9f666', 'C04.01.0012', '马桶刷套装-豪华款', 'Toilet Brush Set - 马桶刷套装-豪华款', NULL, NULL, NULL, '[{"code":"A","name":"布料","spec":"家用型/Household Type","parts":["刷头"],"nameEn":"Fabric"},{"code":"B","name":"掸头","spec":"商用型/Commercial Type","parts":["手柄"],"nameEn":"Duster Head"},{"code":"C","name":"底座","spec":"商用型/Commercial Type","parts":["底座"]}]', '[{"componentCode":"A","colorSchemes":[{"id":"scheme-1762697607050-0","name":"配色方案1","colors":[{"part":"布料","color":"棕色/Brown","hexColor":"#A52A2A"},{"part":"布料2","color":"浅灰/Light Gray","hexColor":"#D3D3D3"}]},{"id":"scheme-1762697607050-1","name":"配色方案2","colors":[{"part":"布料","color":"黄色/Yellow","hexColor":"#FFFF00"},{"part":"布料2","color":"浅灰/Light Gray","hexColor":"#D3D3D3"}]},{"id":"scheme-1762697607050-2","name":"配色方案3","colors":[{"part":"布料","color":"绿色/Green","hexColor":"#00FF00"},{"part":"布料2","color":"浅灰/Light Gray","hexColor":"#D3D3D3"}]}]},{"componentCode":"B","colorSchemes":[{"id":"scheme-1762697607050-0","name":"配色方案1","colors":[{"part":"掸头","color":"黑色/Black","hexColor":"#000000"}]},{"id":"scheme-1762697607050-1","name":"配色方案2","colors":[{"part":"掸头","color":"黄色/Yellow","hexColor":"#FFFF00"}]},{"id":"scheme-1762697607050-2","name":"配色方案3","colors":[{"part":"掸头","color":"黑色/Black","hexColor":"#000000"}]}]},{"componentCode":"C","colorSchemes":[{"id":"scheme-1762697607050-0","name":"配色方案1","colors":[{"part":"底座","color":"草绿/Custom Color","hexColor":"#7CFC00"}]},{"id":"scheme-1762697607050-1","name":"配色方案2","colors":[{"part":"底座","color":"银色/Silver","hexColor":"#C0C0C0"}]},{"id":"scheme-1762697607050-2","name":"配色方案3","colors":[{"part":"底座","color":"白色/White","hexColor":"#FFFFFF"}]}]}]', 122, '["/uploads/images/image_unnamed_1762697606606_f0in91.png","/uploads/images/image_unnamed__1__1762697606622_ouobk3.png","/uploads/images/image_unnamed__2__1762697606637_jxstap.png","/uploads/images/image_unnamed__3__1762697606667_dyuhwd.png"]', NULL, 1, NULL, 'ACTIVE', '2025-11-09 14:13:27', '2025-11-10 02:18:50');
INSERT INTO product_skus (id, group_id, product_code, product_name, title, subtitle, brand, specification, product_spec, additional_attributes, price, images, video, use_shared_video, import_date, status, created_at, updated_at) VALUES ('65ecd419-df15-4ad4-a49b-c332263f1588', '7ed08055-1726-43e0-a4b7-cb049a63109d', 'C04.01.0013', '玻璃刮-标准款', 'Window Squeegee - 玻璃刮-标准款', NULL, NULL, NULL, '[{"code":"A","name":"布料","spec":"家用型/Household Type","parts":["刮条"],"nameEn":"Fabric"},{"code":"B","name":"掸头","spec":"商用型/Commercial Type","parts":["手柄","手柄2"],"nameEn":"Duster Head"},{"code":"C","name":"底座","spec":"商用型/Commercial Type","parts":["底座"]}]', '[{"componentCode":"A","colorSchemes":[{"id":"scheme-1762697607081-0","name":"配色方案1","colors":[{"part":"布料","color":"红色/Red","hexColor":"#FF0000"},{"part":"布料2","color":"浅灰/Light Gray","hexColor":"#D3D3D3"}]},{"id":"scheme-1762697607081-1","name":"配色方案2","colors":[{"part":"布料","color":"深灰/Dark Gray","hexColor":"#404040"},{"part":"布料2","color":"浅灰/Light Gray","hexColor":"#D3D3D3"}]},{"id":"scheme-1762697607081-2","name":"配色方案3","colors":[{"part":"布料","color":"橙色/Orange","hexColor":"#FFA500"},{"part":"布料2","color":"浅灰/Light Gray","hexColor":"#D3D3D3"}]}]},{"componentCode":"B","colorSchemes":[{"id":"scheme-1762697607081-0","name":"配色方案1","colors":[{"part":"掸头","color":"黑色/Black","hexColor":"#000000"}]},{"id":"scheme-1762697607081-1","name":"配色方案2","colors":[{"part":"掸头","color":"银色/Silver","hexColor":"#C0C0C0"}]},{"id":"scheme-1762697607081-2","name":"配色方案3","colors":[{"part":"掸头","color":"橙色/Orange","hexColor":"#FFA500"}]}]},{"componentCode":"C","colorSchemes":[{"id":"scheme-1762697607081-0","name":"配色方案1","colors":[{"part":"底座","color":"黄色/Yellow","hexColor":"#FFFF00"}]},{"id":"scheme-1762697607081-1","name":"配色方案2","colors":[{"part":"底座","color":"紫色/Purple","hexColor":"#800080"}]},{"id":"scheme-1762697607081-2","name":"配色方案3","colors":[{"part":"底座","color":"红色/Red","hexColor":"#FF0000"}]}]}]', 92, '["/uploads/images/image_unnamed__1__1762697606622_ouobk3.png","/uploads/images/image_unnamed__2__1762697606637_jxstap.png","/uploads/images/image_unnamed__3__1762697606667_dyuhwd.png","/uploads/images/image_unnamed__4__1762697606684_21pdpm.png"]', NULL, 1, NULL, 'ACTIVE', '2025-11-09 14:13:27', '2025-11-10 02:18:50');
INSERT INTO product_skus (id, group_id, product_code, product_name, title, subtitle, brand, specification, product_spec, additional_attributes, price, images, video, use_shared_video, import_date, status, created_at, updated_at) VALUES ('d2ecba86-2c8e-477f-8a41-51a63e100d3b', '7ed08055-1726-43e0-a4b7-cb049a63109d', 'C04.01.0014', '玻璃刮-豪华款', 'Window Squeegee - 玻璃刮-豪华款', NULL, NULL, NULL, '[{"code":"A","name":"布料","spec":"家用型/Household Type","parts":["刮条"],"nameEn":"Fabric"},{"code":"B","name":"掸头","spec":"商用型/Commercial Type","parts":["手柄","手柄2"],"nameEn":"Duster Head"},{"code":"C","name":"底座","spec":"商用型/Commercial Type","parts":["底座"]}]', '[{"componentCode":"A","colorSchemes":[{"id":"scheme-1762697607098-0","name":"配色方案1","colors":[{"part":"布料","color":"玫红/Custom Color","hexColor":"#FF1493"},{"part":"布料2","color":"浅灰/Light Gray","hexColor":"#D3D3D3"}]}]},{"componentCode":"B","colorSchemes":[{"id":"scheme-1762697607098-0","name":"配色方案1","colors":[{"part":"掸头","color":"白色/White","hexColor":"#FFFFFF"}]}]},{"componentCode":"C","colorSchemes":[{"id":"scheme-1762697607098-0","name":"配色方案1","colors":[{"part":"底座","color":"银色/Silver","hexColor":"#C0C0C0"}]}]}]', 119, '["/uploads/images/image_unnamed__1__1762697606622_ouobk3.png","/uploads/images/image_unnamed__2__1762697606637_jxstap.png","/uploads/images/image_unnamed__3__1762697606667_dyuhwd.png","/uploads/images/image_unnamed__4__1762697606684_21pdpm.png"]', NULL, 1, NULL, 'ACTIVE', '2025-11-09 14:13:27', '2025-11-10 02:18:50');
INSERT INTO product_skus (id, group_id, product_code, product_name, title, subtitle, brand, specification, product_spec, additional_attributes, price, images, video, use_shared_video, import_date, status, created_at, updated_at) VALUES ('b2fb8697-2c88-4e47-ac69-79e20d6f040e', 'ad28311d-cf79-4e1d-aeb2-735c7bb0d141', 'C04.01.0015', '除尘掸-标准款', 'Duster - 除尘掸-标准款', NULL, NULL, NULL, '[{"code":"A","name":"布料","spec":"家用型/Household Type","parts":["掸头"],"nameEn":"Fabric"},{"code":"B","name":"掸头","spec":"商用型/Commercial Type","parts":["杆件"],"nameEn":"Duster Head"}]', '[{"componentCode":"A","colorSchemes":[{"id":"scheme-1762697607125-0","name":"配色方案1","colors":[{"part":"布料","color":"草绿/Custom Color","hexColor":"#7CFC00"},{"part":"布料2","color":"浅灰/Light Gray","hexColor":"#D3D3D3"}]},{"id":"scheme-1762697607125-1","name":"配色方案2","colors":[{"part":"布料","color":"深灰/Dark Gray","hexColor":"#404040"},{"part":"布料2","color":"浅灰/Light Gray","hexColor":"#D3D3D3"}]},{"id":"scheme-1762697607125-2","name":"配色方案3","colors":[{"part":"布料","color":"草绿/Custom Color","hexColor":"#7CFC00"},{"part":"布料2","color":"浅灰/Light Gray","hexColor":"#D3D3D3"}]}]},{"componentCode":"B","colorSchemes":[{"id":"scheme-1762697607125-0","name":"配色方案1","colors":[{"part":"掸头","color":"天蓝/Custom Color","hexColor":"#87CEEB"}]},{"id":"scheme-1762697607125-1","name":"配色方案2","colors":[{"part":"掸头","color":"金色/Gold","hexColor":"#FFD700"}]},{"id":"scheme-1762697607125-2","name":"配色方案3","colors":[{"part":"掸头","color":"黄色/Yellow","hexColor":"#FFFF00"}]}]}]', 86, '["/uploads/images/image_unnamed__2__1762697606637_jxstap.png","/uploads/images/image_unnamed__3__1762697606667_dyuhwd.png","/uploads/images/image_unnamed__4__1762697606684_21pdpm.png","/uploads/images/image_unnamed__5__1762697606696_rybgp4.png"]', NULL, 1, NULL, 'ACTIVE', '2025-11-09 14:13:27', '2025-11-10 02:18:50');
INSERT INTO product_skus (id, group_id, product_code, product_name, title, subtitle, brand, specification, product_spec, additional_attributes, price, images, video, use_shared_video, import_date, status, created_at, updated_at) VALUES ('2f49682d-85f4-43bd-b23f-ebaf4e7e2d54', 'ad28311d-cf79-4e1d-aeb2-735c7bb0d141', 'C04.01.0016', '除尘掸-豪华款', 'Duster - 除尘掸-豪华款', NULL, NULL, NULL, '[{"code":"A","name":"布料","spec":"家用型/Household Type","parts":["掸头"],"nameEn":"Fabric"},{"code":"B","name":"掸头","spec":"商用型/Commercial Type","parts":["杆件"],"nameEn":"Duster Head"}]', '[{"componentCode":"A","colorSchemes":[{"id":"scheme-1762697607143-0","name":"配色方案1","colors":[{"part":"布料","color":"绿色/Green","hexColor":"#00FF00"},{"part":"布料2","color":"浅灰/Light Gray","hexColor":"#D3D3D3"}]}]},{"componentCode":"B","colorSchemes":[{"id":"scheme-1762697607143-0","name":"配色方案1","colors":[{"part":"掸头","color":"玫红/Custom Color","hexColor":"#FF1493"}]}]}]', 115, '["/uploads/images/image_unnamed__2__1762697606637_jxstap.png","/uploads/images/image_unnamed__3__1762697606667_dyuhwd.png","/uploads/images/image_unnamed__4__1762697606684_21pdpm.png","/uploads/images/image_unnamed__5__1762697606696_rybgp4.png"]', NULL, 1, NULL, 'ACTIVE', '2025-11-09 14:13:27', '2025-11-10 02:18:50');
INSERT INTO product_skus (id, group_id, product_code, product_name, title, subtitle, brand, specification, product_spec, additional_attributes, price, images, video, use_shared_video, import_date, status, created_at, updated_at) VALUES ('45c0f277-d2eb-446a-963c-4443143a2d4c', '37d2704e-d537-49a1-9eee-a64ee53d72b8', 'C04.01.0017', '清洁抹布-标准款', 'Cleaning Cloth - 清洁抹布-标准款', NULL, NULL, NULL, '[{"code":"A","name":"布料","spec":"家用型/Household Type","parts":["布料","布料2"]}]', '[{"componentCode":"A","colorSchemes":[{"id":"scheme-1762697607174-0","name":"配色方案1","colors":[{"part":"布料","color":"灰色/Gray","hexColor":"#808080"},{"part":"布料2","color":"灰色/Gray","hexColor":"#808080"}]},{"id":"scheme-1762697607174-1","name":"配色方案2","colors":[{"part":"布料","color":"天蓝/Custom Color","hexColor":"#87CEEB"},{"part":"布料2","color":"玫红/Custom Color","hexColor":"#FF1493"}]},{"id":"scheme-1762697607174-2","name":"配色方案3","colors":[{"part":"布料","color":"深蓝/Custom Color","hexColor":"#00008B"},{"part":"布料2","color":"玫红/Custom Color","hexColor":"#FF1493"}]}]}]', 84, '["/uploads/images/image_unnamed__3__1762697606667_dyuhwd.png","/uploads/images/image_unnamed__4__1762697606684_21pdpm.png","/uploads/images/image_unnamed__5__1762697606696_rybgp4.png","/uploads/images/image________1762697606705_a7qh12.png"]', NULL, 1, NULL, 'ACTIVE', '2025-11-09 14:13:27', '2025-11-10 02:18:50');
INSERT INTO product_skus (id, group_id, product_code, product_name, title, subtitle, brand, specification, product_spec, additional_attributes, price, images, video, use_shared_video, import_date, status, created_at, updated_at) VALUES ('5c293b9c-8a2b-41da-8a91-57a5ba1d3bd8', '37d2704e-d537-49a1-9eee-a64ee53d72b8', 'C04.01.0018', '清洁抹布-豪华款', 'Cleaning Cloth - 清洁抹布-豪华款', NULL, NULL, NULL, '[{"code":"A","name":"布料","spec":"家用型/Household Type","parts":["布料","布料2"]}]', '[{"componentCode":"A","colorSchemes":[{"id":"scheme-1762697607191-0","name":"配色方案1","colors":[{"part":"布料","color":"草绿/Custom Color","hexColor":"#7CFC00"},{"part":"布料2","color":"白色/White","hexColor":"#FFFFFF"}]},{"id":"scheme-1762697607191-1","name":"配色方案2","colors":[{"part":"布料","color":"紫色/Purple","hexColor":"#800080"},{"part":"布料2","color":"紫色/Purple","hexColor":"#800080"}]},{"id":"scheme-1762697607191-2","name":"配色方案3","colors":[{"part":"布料","color":"深蓝/Custom Color","hexColor":"#00008B"},{"part":"布料2","color":"黑色/Black","hexColor":"#000000"}]}]}]', 119, '["/uploads/images/image_unnamed__3__1762697606667_dyuhwd.png","/uploads/images/image_unnamed__4__1762697606684_21pdpm.png","/uploads/images/image_unnamed__5__1762697606696_rybgp4.png","/uploads/images/image________1762697606705_a7qh12.png"]', NULL, 1, NULL, 'ACTIVE', '2025-11-09 14:13:27', '2025-11-10 02:18:50');
INSERT INTO product_skus (id, group_id, product_code, product_name, title, subtitle, brand, specification, product_spec, additional_attributes, price, images, video, use_shared_video, import_date, status, created_at, updated_at) VALUES ('fa4b05f4-0a27-40f6-ab69-ae5652c527d0', '37d2704e-d537-49a1-9eee-a64ee53d72b8', 'C04.01.0019', '清洁抹布-高级款', 'Cleaning Cloth - 清洁抹布-高级款', NULL, NULL, NULL, '[{"code":"A","name":"布料","spec":"家用型/Household Type","parts":["布料","布料2"]}]', '[{"componentCode":"A","colorSchemes":[{"id":"scheme-1762697607208-0","name":"配色方案1","colors":[{"part":"布料","color":"白色/White","hexColor":"#FFFFFF"},{"part":"布料2","color":"浅灰/Light Gray","hexColor":"#D3D3D3"}]},{"id":"scheme-1762697607208-1","name":"配色方案2","colors":[{"part":"布料","color":"黑色/Black","hexColor":"#000000"},{"part":"布料2","color":"红色/Red","hexColor":"#FF0000"}]}]}]', 157, '["/uploads/images/image_unnamed__3__1762697606667_dyuhwd.png","/uploads/images/image_unnamed__4__1762697606684_21pdpm.png","/uploads/images/image_unnamed__5__1762697606696_rybgp4.png","/uploads/images/image________1762697606705_a7qh12.png"]', NULL, 1, NULL, 'ACTIVE', '2025-11-09 14:13:27', '2025-11-10 02:18:50');
INSERT INTO product_skus (id, group_id, product_code, product_name, title, subtitle, brand, specification, product_spec, additional_attributes, price, images, video, use_shared_video, import_date, status, created_at, updated_at) VALUES ('b8d07bf7-7f98-4fca-afd0-aea6a755cfa4', '41f014e5-939e-4515-982b-d91c6d86d9c4', 'C04.01.0020', '汽车清洁套装-标准款', 'Car Cleaning Kit - 汽车清洁套装-标准款', NULL, NULL, NULL, '[{"code":"A","name":"布料","spec":"家用型/Household Type","parts":["刷头"],"nameEn":"Fabric"},{"code":"B","name":"掸头","spec":"商用型/Commercial Type","parts":["海绵"],"nameEn":"Duster Head"},{"code":"C","name":"底座","spec":"商用型/Commercial Type","parts":["抹布"],"nameEn":"Base"},{"code":"D","name":"杆件","spec":"经济型/Economy Type","parts":["喷壶","喷壶2"],"nameEn":"Rod"}]', '[{"componentCode":"A","colorSchemes":[{"id":"scheme-1762697607249-0","name":"配色方案1","colors":[{"part":"布料","color":"蓝色/Blue","hexColor":"#0000FF"},{"part":"布料2","color":"浅灰/Light Gray","hexColor":"#D3D3D3"}]},{"id":"scheme-1762697607249-1","name":"配色方案2","colors":[{"part":"布料","color":"米色/Beige","hexColor":"#F5F5DC"},{"part":"布料2","color":"浅灰/Light Gray","hexColor":"#D3D3D3"}]},{"id":"scheme-1762697607249-2","name":"配色方案3","colors":[{"part":"布料","color":"浅灰/Light Gray","hexColor":"#D3D3D3"},{"part":"布料2","color":"浅灰/Light Gray","hexColor":"#D3D3D3"}]}]},{"componentCode":"B","colorSchemes":[{"id":"scheme-1762697607249-0","name":"配色方案1","colors":[{"part":"掸头","color":"黄色/Yellow","hexColor":"#FFFF00"}]},{"id":"scheme-1762697607249-1","name":"配色方案2","colors":[{"part":"掸头","color":"蓝色/Blue","hexColor":"#0000FF"}]},{"id":"scheme-1762697607249-2","name":"配色方案3","colors":[{"part":"掸头","color":"黄色/Yellow","hexColor":"#FFFF00"}]}]},{"componentCode":"C","colorSchemes":[{"id":"scheme-1762697607249-0","name":"配色方案1","colors":[{"part":"底座","color":"黄色/Yellow","hexColor":"#FFFF00"}]},{"id":"scheme-1762697607249-1","name":"配色方案2","colors":[{"part":"底座","color":"浅灰/Light Gray","hexColor":"#D3D3D3"}]},{"id":"scheme-1762697607249-2","name":"配色方案3","colors":[{"part":"底座","color":"紫色/Purple","hexColor":"#800080"}]}]},{"componentCode":"D","colorSchemes":[{"id":"scheme-1762697607249-0","name":"配色方案1","colors":[{"part":"杆件","color":"白色/White","hexColor":"#FFFFFF"}]},{"id":"scheme-1762697607249-1","name":"配色方案2","colors":[{"part":"杆件","color":"棕色/Brown","hexColor":"#A52A2A"}]},{"id":"scheme-1762697607249-2","name":"配色方案3","colors":[{"part":"杆件","color":"白色/White","hexColor":"#FFFFFF"}]}]}]', 99, '["/uploads/images/image_unnamed__4__1762697606684_21pdpm.png","/uploads/images/image_unnamed__5__1762697606696_rybgp4.png","/uploads/images/image________1762697606705_a7qh12.png","/uploads/images/image_coll1_1762697606719_tyg89u.png"]', NULL, 1, NULL, 'ACTIVE', '2025-11-09 14:13:27', '2025-11-10 02:18:50');
INSERT INTO product_skus (id, group_id, product_code, product_name, title, subtitle, brand, specification, product_spec, additional_attributes, price, images, video, use_shared_video, import_date, status, created_at, updated_at) VALUES ('12649b92-0814-47f5-ac7a-610c7fdefc37', '41f014e5-939e-4515-982b-d91c6d86d9c4', 'C04.01.0021', '汽车清洁套装-豪华款', 'Car Cleaning Kit - 汽车清洁套装-豪华款', NULL, NULL, NULL, '[{"code":"A","name":"布料","spec":"家用型/Household Type","parts":["刷头"],"nameEn":"Fabric"},{"code":"B","name":"掸头","spec":"商用型/Commercial Type","parts":["海绵"],"nameEn":"Duster Head"},{"code":"C","name":"底座","spec":"商用型/Commercial Type","parts":["抹布"],"nameEn":"Base"},{"code":"D","name":"杆件","spec":"经济型/Economy Type","parts":["喷壶","喷壶2"],"nameEn":"Rod"}]', '[{"componentCode":"A","colorSchemes":[{"id":"scheme-1762697607270-0","name":"配色方案1","colors":[{"part":"布料","color":"黑色/Black","hexColor":"#000000"},{"part":"布料2","color":"浅灰/Light Gray","hexColor":"#D3D3D3"}]},{"id":"scheme-1762697607270-1","name":"配色方案2","colors":[{"part":"布料","color":"灰色/Gray","hexColor":"#808080"},{"part":"布料2","color":"浅灰/Light Gray","hexColor":"#D3D3D3"}]},{"id":"scheme-1762697607270-2","name":"配色方案3","colors":[{"part":"布料","color":"深灰/Dark Gray","hexColor":"#404040"},{"part":"布料2","color":"浅灰/Light Gray","hexColor":"#D3D3D3"}]}]},{"componentCode":"B","colorSchemes":[{"id":"scheme-1762697607270-0","name":"配色方案1","colors":[{"part":"掸头","color":"绿色/Green","hexColor":"#00FF00"}]},{"id":"scheme-1762697607270-1","name":"配色方案2","colors":[{"part":"掸头","color":"天蓝/Custom Color","hexColor":"#87CEEB"}]},{"id":"scheme-1762697607270-2","name":"配色方案3","colors":[{"part":"掸头","color":"浅灰/Light Gray","hexColor":"#D3D3D3"}]}]},{"componentCode":"C","colorSchemes":[{"id":"scheme-1762697607270-0","name":"配色方案1","colors":[{"part":"底座","color":"紫色/Purple","hexColor":"#800080"}]},{"id":"scheme-1762697607270-1","name":"配色方案2","colors":[{"part":"底座","color":"草绿/Custom Color","hexColor":"#7CFC00"}]},{"id":"scheme-1762697607270-2","name":"配色方案3","colors":[{"part":"底座","color":"灰色/Gray","hexColor":"#808080"}]}]},{"componentCode":"D","colorSchemes":[{"id":"scheme-1762697607270-0","name":"配色方案1","colors":[{"part":"杆件","color":"天蓝/Custom Color","hexColor":"#87CEEB"}]},{"id":"scheme-1762697607270-1","name":"配色方案2","colors":[{"part":"杆件","color":"粉色/Pink","hexColor":"#FFC0CB"}]},{"id":"scheme-1762697607270-2","name":"配色方案3","colors":[{"part":"杆件","color":"草绿/Custom Color","hexColor":"#7CFC00"}]}]}]', 125, '["/uploads/images/image_unnamed__4__1762697606684_21pdpm.png","/uploads/images/image_unnamed__5__1762697606696_rybgp4.png","/uploads/images/image________1762697606705_a7qh12.png","/uploads/images/image_coll1_1762697606719_tyg89u.png"]', NULL, 1, NULL, 'ACTIVE', '2025-11-09 14:13:27', '2025-11-10 02:18:50');
INSERT INTO product_skus (id, group_id, product_code, product_name, title, subtitle, brand, specification, product_spec, additional_attributes, price, images, video, use_shared_video, import_date, status, created_at, updated_at) VALUES ('2c700218-9e1f-4ee0-b69b-92707f9e6d81', '41f014e5-939e-4515-982b-d91c6d86d9c4', 'C04.01.0022', '汽车清洁套装-高级款', 'Car Cleaning Kit - 汽车清洁套装-高级款', NULL, NULL, NULL, '[{"code":"A","name":"布料","spec":"家用型/Household Type","parts":["刷头"],"nameEn":"Fabric"},{"code":"B","name":"掸头","spec":"商用型/Commercial Type","parts":["海绵"],"nameEn":"Duster Head"},{"code":"C","name":"底座","spec":"商用型/Commercial Type","parts":["抹布"],"nameEn":"Base"},{"code":"D","name":"杆件","spec":"经济型/Economy Type","parts":["喷壶","喷壶2"],"nameEn":"Rod"}]', '[{"componentCode":"A","colorSchemes":[{"id":"scheme-1762697607288-0","name":"配色方案1","colors":[{"part":"布料","color":"深灰/Dark Gray","hexColor":"#404040"},{"part":"布料2","color":"浅灰/Light Gray","hexColor":"#D3D3D3"}]},{"id":"scheme-1762697607288-1","name":"配色方案2","colors":[{"part":"布料","color":"米色/Beige","hexColor":"#F5F5DC"},{"part":"布料2","color":"浅灰/Light Gray","hexColor":"#D3D3D3"}]},{"id":"scheme-1762697607288-2","name":"配色方案3","colors":[{"part":"布料","color":"红色/Red","hexColor":"#FF0000"},{"part":"布料2","color":"浅灰/Light Gray","hexColor":"#D3D3D3"}]}]},{"componentCode":"B","colorSchemes":[{"id":"scheme-1762697607288-0","name":"配色方案1","colors":[{"part":"掸头","color":"深蓝/Custom Color","hexColor":"#00008B"}]},{"id":"scheme-1762697607288-1","name":"配色方案2","colors":[{"part":"掸头","color":"米色/Beige","hexColor":"#F5F5DC"}]},{"id":"scheme-1762697607288-2","name":"配色方案3","colors":[{"part":"掸头","color":"紫色/Purple","hexColor":"#800080"}]}]},{"componentCode":"C","colorSchemes":[{"id":"scheme-1762697607288-0","name":"配色方案1","colors":[{"part":"底座","color":"红色/Red","hexColor":"#FF0000"}]},{"id":"scheme-1762697607288-1","name":"配色方案2","colors":[{"part":"底座","color":"黄色/Yellow","hexColor":"#FFFF00"}]},{"id":"scheme-1762697607288-2","name":"配色方案3","colors":[{"part":"底座","color":"深蓝/Custom Color","hexColor":"#00008B"}]}]},{"componentCode":"D","colorSchemes":[{"id":"scheme-1762697607288-0","name":"配色方案1","colors":[{"part":"杆件","color":"金色/Gold","hexColor":"#FFD700"}]},{"id":"scheme-1762697607288-1","name":"配色方案2","colors":[{"part":"杆件","color":"紫色/Purple","hexColor":"#800080"}]},{"id":"scheme-1762697607288-2","name":"配色方案3","colors":[{"part":"杆件","color":"深灰/Dark Gray","hexColor":"#404040"}]}]}]', 147, '["/uploads/images/image_unnamed__4__1762697606684_21pdpm.png","/uploads/images/image_unnamed__5__1762697606696_rybgp4.png","/uploads/images/image________1762697606705_a7qh12.png","/uploads/images/image_coll1_1762697606719_tyg89u.png"]', NULL, 1, NULL, 'ACTIVE', '2025-11-09 14:13:27', '2025-11-10 02:18:50');
INSERT INTO product_skus (id, group_id, product_code, product_name, title, subtitle, brand, specification, product_spec, additional_attributes, price, images, video, use_shared_video, import_date, status, created_at, updated_at) VALUES ('83facb37-399c-42ef-a8f2-d072c0bc93e7', '9ab734d1-3bc7-478a-b5b3-0fa085402013', 'C04.01.0023', '宠物清洁工具-标准款', 'Pet Cleaning Tool - 宠物清洁工具-标准款', NULL, NULL, NULL, '[{"code":"A","name":"布料","spec":"家用型/Household Type","parts":["梳头"],"nameEn":"Fabric"},{"code":"B","name":"掸头","spec":"商用型/Commercial Type","parts":["手柄"],"nameEn":"Duster Head"},{"code":"C","name":"底座","spec":"商用型/Commercial Type","parts":["收纳盒"],"nameEn":"Base"}]', '[{"componentCode":"A","colorSchemes":[{"id":"scheme-1762697607319-0","name":"配色方案1","colors":[{"part":"布料","color":"红色/Red","hexColor":"#FF0000"},{"part":"布料2","color":"浅灰/Light Gray","hexColor":"#D3D3D3"}]}]},{"componentCode":"B","colorSchemes":[{"id":"scheme-1762697607319-0","name":"配色方案1","colors":[{"part":"掸头","color":"金色/Gold","hexColor":"#FFD700"}]}]},{"componentCode":"C","colorSchemes":[{"id":"scheme-1762697607319-0","name":"配色方案1","colors":[{"part":"底座","color":"绿色/Green","hexColor":"#00FF00"}]}]}]', 89, '["/uploads/images/image_unnamed__5__1762697606696_rybgp4.png","/uploads/images/image________1762697606705_a7qh12.png","/uploads/images/image_coll1_1762697606719_tyg89u.png","/uploads/images/image_coll1_1762697606523_eegvqj.png"]', NULL, 1, NULL, 'ACTIVE', '2025-11-09 14:13:27', '2025-11-10 02:18:50');
INSERT INTO product_skus (id, group_id, product_code, product_name, title, subtitle, brand, specification, product_spec, additional_attributes, price, images, video, use_shared_video, import_date, status, created_at, updated_at) VALUES ('0cf8f7bc-8574-49e4-86b2-ccdc71a25ca7', '9ab734d1-3bc7-478a-b5b3-0fa085402013', 'C04.01.0024', '宠物清洁工具-豪华款', 'Pet Cleaning Tool - 宠物清洁工具-豪华款', NULL, NULL, NULL, '[{"code":"A","name":"布料","spec":"家用型/Household Type","parts":["梳头"],"nameEn":"Fabric"},{"code":"B","name":"掸头","spec":"商用型/Commercial Type","parts":["手柄"],"nameEn":"Duster Head"},{"code":"C","name":"底座","spec":"商用型/Commercial Type","parts":["收纳盒"],"nameEn":"Base"}]', '[{"componentCode":"A","colorSchemes":[{"id":"scheme-1762697607336-0","name":"配色方案1","colors":[{"part":"布料","color":"棕色/Brown","hexColor":"#A52A2A"},{"part":"布料2","color":"浅灰/Light Gray","hexColor":"#D3D3D3"}]}]},{"componentCode":"B","colorSchemes":[{"id":"scheme-1762697607336-0","name":"配色方案1","colors":[{"part":"掸头","color":"红色/Red","hexColor":"#FF0000"}]}]},{"componentCode":"C","colorSchemes":[{"id":"scheme-1762697607336-0","name":"配色方案1","colors":[{"part":"底座","color":"白色/White","hexColor":"#FFFFFF"}]}]}]', 115, '["/uploads/images/image_unnamed__5__1762697606696_rybgp4.png","/uploads/images/image________1762697606705_a7qh12.png","/uploads/images/image_coll1_1762697606719_tyg89u.png","/uploads/images/image_coll1_1762697606523_eegvqj.png"]', NULL, 1, NULL, 'ACTIVE', '2025-11-09 14:13:27', '2025-11-10 02:18:50');
INSERT INTO product_skus (id, group_id, product_code, product_name, title, subtitle, brand, specification, product_spec, additional_attributes, price, images, video, use_shared_video, import_date, status, created_at, updated_at) VALUES ('fc014fa9-26ab-4a36-96ca-0296e4909623', '0eafc908-6829-496f-bd96-be2684948528', 'C04.01.0025', '外购清洁用品-标准款', 'Outsourced Supplies - 外购清洁用品-标准款', NULL, NULL, NULL, '[{"code":"A","name":"布料","spec":"家用型/Household Type","parts":["主体"],"nameEn":"Fabric"},{"code":"B","name":"掸头","spec":"商用型/Commercial Type","parts":["配件","配件2"],"nameEn":"Duster Head"}]', '[{"componentCode":"A","colorSchemes":[{"id":"scheme-1762697607378-0","name":"配色方案1","colors":[{"part":"布料","color":"绿色/Green","hexColor":"#00FF00"},{"part":"布料2","color":"浅灰/Light Gray","hexColor":"#D3D3D3"}]},{"id":"scheme-1762697607378-1","name":"配色方案2","colors":[{"part":"布料","color":"蓝色/Blue","hexColor":"#0000FF"},{"part":"布料2","color":"浅灰/Light Gray","hexColor":"#D3D3D3"}]}]},{"componentCode":"B","colorSchemes":[{"id":"scheme-1762697607378-0","name":"配色方案1","colors":[{"part":"掸头","color":"粉色/Pink","hexColor":"#FFC0CB"}]},{"id":"scheme-1762697607378-1","name":"配色方案2","colors":[{"part":"掸头","color":"黑色/Black","hexColor":"#000000"}]}]}]', 97, '["/uploads/images/image________1762697606705_a7qh12.png","/uploads/images/image_coll1_1762697606719_tyg89u.png","/uploads/images/image_coll1_1762697606523_eegvqj.png","/uploads/images/image_coll2_1762697606543_zwiyuc.png"]', NULL, 1, NULL, 'ACTIVE', '2025-11-09 14:13:27', '2025-11-10 02:18:50');
INSERT INTO product_skus (id, group_id, product_code, product_name, title, subtitle, brand, specification, product_spec, additional_attributes, price, images, video, use_shared_video, import_date, status, created_at, updated_at) VALUES ('719576f3-8949-409e-af33-4f689b69365b', '0eafc908-6829-496f-bd96-be2684948528', 'C04.01.0026', '外购清洁用品-豪华款', 'Outsourced Supplies - 外购清洁用品-豪华款', NULL, NULL, NULL, '[{"code":"A","name":"布料","spec":"家用型/Household Type","parts":["主体"],"nameEn":"Fabric"},{"code":"B","name":"掸头","spec":"商用型/Commercial Type","parts":["配件","配件2"],"nameEn":"Duster Head"}]', '[{"componentCode":"A","colorSchemes":[{"id":"scheme-1762697607400-0","name":"配色方案1","colors":[{"part":"布料","color":"黄色/Yellow","hexColor":"#FFFF00"},{"part":"布料2","color":"浅灰/Light Gray","hexColor":"#D3D3D3"}]}]},{"componentCode":"B","colorSchemes":[{"id":"scheme-1762697607400-0","name":"配色方案1","colors":[{"part":"掸头","color":"深灰/Dark Gray","hexColor":"#404040"}]}]}]', 112, '["/uploads/images/image________1762697606705_a7qh12.png","/uploads/images/image_coll1_1762697606719_tyg89u.png","/uploads/images/image_coll1_1762697606523_eegvqj.png","/uploads/images/image_coll2_1762697606543_zwiyuc.png"]', NULL, 1, NULL, 'ACTIVE', '2025-11-09 14:13:27', '2025-11-10 02:18:50');
INSERT INTO product_skus (id, group_id, product_code, product_name, title, subtitle, brand, specification, product_spec, additional_attributes, price, images, video, use_shared_video, import_date, status, created_at, updated_at) VALUES ('adee79b9-ed09-472a-9ffa-d72a74ba7f87', '2407def2-0c16-4a77-ad13-c3694fa13d26', 'C04.01.0027', '混合清洁工具-标准款', 'Mixed Cleaning Tools - 混合清洁工具-标准款', NULL, NULL, NULL, '[{"code":"A","name":"布料","spec":"家用型/Household Type","parts":["工具头","工具头2"],"nameEn":"Fabric"},{"code":"B","name":"掸头","spec":"商用型/Commercial Type","parts":["连接杆"],"nameEn":"Duster Head"},{"code":"C","name":"底座","spec":"商用型/Commercial Type","parts":["手柄"],"nameEn":"Base"}]', '[{"componentCode":"A","colorSchemes":[{"id":"scheme-1762697607436-0","name":"配色方案1","colors":[{"part":"布料","color":"灰色/Gray","hexColor":"#808080"},{"part":"布料2","color":"红色/Red","hexColor":"#FF0000"}]},{"id":"scheme-1762697607436-1","name":"配色方案2","colors":[{"part":"布料","color":"粉色/Pink","hexColor":"#FFC0CB"},{"part":"布料2","color":"橙色/Orange","hexColor":"#FFA500"}]}]},{"componentCode":"B","colorSchemes":[{"id":"scheme-1762697607436-0","name":"配色方案1","colors":[{"part":"掸头","color":"浅灰/Light Gray","hexColor":"#D3D3D3"}]},{"id":"scheme-1762697607436-1","name":"配色方案2","colors":[{"part":"掸头","color":"粉色/Pink","hexColor":"#FFC0CB"}]}]},{"componentCode":"C","colorSchemes":[{"id":"scheme-1762697607436-0","name":"配色方案1","colors":[{"part":"底座","color":"橙色/Orange","hexColor":"#FFA500"}]},{"id":"scheme-1762697607436-1","name":"配色方案2","colors":[{"part":"底座","color":"橙色/Orange","hexColor":"#FFA500"}]}]}]', 90, '["/uploads/images/image_coll1_1762697606719_tyg89u.png","/uploads/images/image_coll1_1762697606523_eegvqj.png","/uploads/images/image_coll2_1762697606543_zwiyuc.png","/uploads/images/image_coll3_1762697606565_kt5ano.png"]', NULL, 1, NULL, 'ACTIVE', '2025-11-09 14:13:27', '2025-11-10 02:18:50');
INSERT INTO product_skus (id, group_id, product_code, product_name, title, subtitle, brand, specification, product_spec, additional_attributes, price, images, video, use_shared_video, import_date, status, created_at, updated_at) VALUES ('560643f6-f494-4233-95aa-76be5fa1b5d4', '2407def2-0c16-4a77-ad13-c3694fa13d26', 'C04.01.0028', '混合清洁工具-豪华款', 'Mixed Cleaning Tools - 混合清洁工具-豪华款', NULL, NULL, NULL, '[{"code":"A","name":"布料","spec":"家用型/Household Type","parts":["工具头","工具头2"],"nameEn":"Fabric"},{"code":"B","name":"掸头","spec":"商用型/Commercial Type","parts":["连接杆"],"nameEn":"Duster Head"},{"code":"C","name":"底座","spec":"商用型/Commercial Type","parts":["手柄"],"nameEn":"Base"}]', '[{"componentCode":"A","colorSchemes":[{"id":"scheme-1762697607462-0","name":"配色方案1","colors":[{"part":"布料","color":"黑色/Black","hexColor":"#000000"},{"part":"布料2","color":"灰色/Gray","hexColor":"#808080"}]}]},{"componentCode":"B","colorSchemes":[{"id":"scheme-1762697607462-0","name":"配色方案1","colors":[{"part":"掸头","color":"红色/Red","hexColor":"#FF0000"}]}]},{"componentCode":"C","colorSchemes":[{"id":"scheme-1762697607462-0","name":"配色方案1","colors":[{"part":"底座","color":"蓝色/Blue","hexColor":"#0000FF"}]}]}]', 118, '["/uploads/images/image_coll1_1762697606719_tyg89u.png","/uploads/images/image_coll1_1762697606523_eegvqj.png","/uploads/images/image_coll2_1762697606543_zwiyuc.png","/uploads/images/image_coll3_1762697606565_kt5ano.png"]', NULL, 1, NULL, 'ACTIVE', '2025-11-09 14:13:27', '2025-11-10 02:18:50');
INSERT INTO product_skus (id, group_id, product_code, product_name, title, subtitle, brand, specification, product_spec, additional_attributes, price, images, video, use_shared_video, import_date, status, created_at, updated_at) VALUES ('e7d311de-ebf6-47d0-984d-fa9075cf9a16', '2407def2-0c16-4a77-ad13-c3694fa13d26', 'C04.01.0029', '混合清洁工具-高级款', 'Mixed Cleaning Tools - 混合清洁工具-高级款', NULL, NULL, NULL, '[{"code":"A","name":"布料","spec":"家用型/Household Type","parts":["工具头","工具头2"],"nameEn":"Fabric"},{"code":"B","name":"掸头","spec":"商用型/Commercial Type","parts":["连接杆"],"nameEn":"Duster Head"},{"code":"C","name":"底座","spec":"商用型/Commercial Type","parts":["手柄"],"nameEn":"Base"}]', '[{"componentCode":"A","colorSchemes":[{"id":"scheme-1762697607495-0","name":"配色方案1","colors":[{"part":"布料","color":"金色/Gold","hexColor":"#FFD700"},{"part":"布料2","color":"棕色/Brown","hexColor":"#A52A2A"}]},{"id":"scheme-1762697607495-1","name":"配色方案2","colors":[{"part":"布料","color":"粉色/Pink","hexColor":"#FFC0CB"},{"part":"布料2","color":"黑色/Black","hexColor":"#000000"}]}]},{"componentCode":"B","colorSchemes":[{"id":"scheme-1762697607495-0","name":"配色方案1","colors":[{"part":"掸头","color":"粉色/Pink","hexColor":"#FFC0CB"}]},{"id":"scheme-1762697607495-1","name":"配色方案2","colors":[{"part":"掸头","color":"绿色/Green","hexColor":"#00FF00"}]}]},{"componentCode":"C","colorSchemes":[{"id":"scheme-1762697607495-0","name":"配色方案1","colors":[{"part":"底座","color":"深蓝/Custom Color","hexColor":"#00008B"}]},{"id":"scheme-1762697607495-1","name":"配色方案2","colors":[{"part":"底座","color":"橙色/Orange","hexColor":"#FFA500"}]}]}]', 156, '["/uploads/images/image_coll1_1762697606719_tyg89u.png","/uploads/images/image_coll1_1762697606523_eegvqj.png","/uploads/images/image_coll2_1762697606543_zwiyuc.png","/uploads/images/image_coll3_1762697606565_kt5ano.png"]', NULL, 1, NULL, 'ACTIVE', '2025-11-09 14:13:27', '2025-11-10 02:18:50');

-- 客户数据
INSERT INTO customers (id, email, password, name, contact_person, phone, address, country, salesperson_id, customer_type, customer_tier, status, created_at, updated_at) VALUES ('10bf57fa-5461-4326-b560-0c1ab0419edd', 'test@example.com', '$2b$10$Xtb2nq3Mrpn7CrZdFaAoEOY1I7rdDqETFWYSt4Q2hTkxstbOc1UPu', 'Test Company', 'John Doe', '+9876543210', '123 Test St', 'USA', NULL, 'NEW', 'STANDARD', 'active', '2025-11-07 14:39:17', '2025-11-07 14:41:40');
INSERT INTO customers (id, email, password, name, contact_person, phone, address, country, salesperson_id, customer_type, customer_tier, status, created_at, updated_at) VALUES ('f8004ef4-3e12-4c14-81f2-60316457b6bf', '957474686@qq.com', '$2b$10$Zuvyledl4/Fg3jb1zeH.Uemah6qJ7I.LMn47oEF9UD7n.oQ3g2Esy', '957474686', NULL, NULL, NULL, NULL, NULL, 'NEW', 'SVIP', 'active', '2025-11-08 03:27:38', '2025-11-09 06:26:08');
INSERT INTO customers (id, email, password, name, contact_person, phone, address, country, salesperson_id, customer_type, customer_tier, status, created_at, updated_at) VALUES ('e8b58ebb-9705-44af-abc5-c0286038e7eb', '954174686@qq.com', '$2b$10$6uchOLXM2qk./DqhjVgg.ukTfVE0rUd9uAKJeKZbvWxuuUd7v2vb2', '954174686', NULL, NULL, NULL, NULL, NULL, 'NEW', 'SVIP', 'active', '2025-11-08 06:42:06', '2025-11-09 06:26:02');
INSERT INTO customers (id, email, password, name, contact_person, phone, address, country, salesperson_id, customer_type, customer_tier, status, created_at, updated_at) VALUES ('8199919c-1859-4ebd-a8a9-62de5a712bc6', '222@vip.com', '$2b$10$avNQORDCL33IIVH0y7jSW.uEg0evdX.TrvwYMKVskDHgqyAzLnjtG', 'fff', NULL, NULL, NULL, NULL, NULL, 'NEW', 'SVIP', 'active', '2025-11-09 06:15:10', '2025-11-09 06:43:24');
INSERT INTO customers (id, email, password, name, contact_person, phone, address, country, salesperson_id, customer_type, customer_tier, status, created_at, updated_at) VALUES ('8dd976e7-25c4-412c-bb8a-cd4455303ac9', '123@vip.com', '$2b$10$rOY4O8Pp7FVHqaOrX0efguTE/TJsnooVvisy1pGQHsdxXO1Wl6Rp6', '123', NULL, NULL, NULL, NULL, NULL, 'NEW', 'STANDARD', 'active', '2025-11-09 15:12:28', '2025-11-09 15:12:28');

-- 订单表单数据
INSERT INTO order_forms (id, form_number, customer_id, contact_name, phone, email, address, notes, items, total_amount, status, submitted_at, created_at, updated_at) VALUES ('60dffb8d-0c32-4485-a891-f1e0a1932844', 'OF-20251107-0001', '10bf57fa-5461-4326-b560-0c1ab0419edd', 'John Doe', '+1234567890', 'test@example.com', '123 Test St', 'Test order', '"[{\\"product_id\\":\\"test-product-1\\",\\"product_code\\":\\"P001\\",\\"product_name\\":\\"Test Product\\",\\"quantity\\":2,\\"unit_price\\":100,\\"configuration\\":{\\"color\\":\\"red\\"}}]"', '200.00', 'submitted', '2025-11-07 14:41:52', '2025-11-07 14:41:52', '2025-11-07 14:41:52');
INSERT INTO order_forms (id, form_number, customer_id, contact_name, phone, email, address, notes, items, total_amount, status, submitted_at, created_at, updated_at) VALUES ('6267f5cf-bc6f-4125-97e5-bf1a458d8660', 'OF-20251109-0001', 'e8b58ebb-9705-44af-abc5-c0286038e7eb', '954174686', '3313', '954174686@qq.com', '2354', '4546', '"[{\\"product_code\\":\\"MOP-BLU-WHT-BLU\\",\\"product_name\\":\\"Rotating Mop Set\\",\\"quantity\\":1,\\"unit_price\\":89,\\"configuration\\":{\\"Handle\\":{\\"name\\":\\"Blue\\",\\"hex\\":\\"#4A90E2\\"},\\"Mop Head\\":{\\"name\\":\\"White\\",\\"hex\\":\\"#FFFFFF\\"},\\"Cloth\\":{\\"name\\":\\"Blue\\",\\"hex\\":\\"#5A9FD4\\"}}},{\\"product_id\\":\\"275bfa56-4e5a-4add-8dc2-5952adbd171e\\",\\"product_code\\":\\"MP007-002\\",\\"product_name\\":\\"MP007系列\\",\\"quantity\\":3,\\"unit_price\\":159,\\"configuration\\":{\\"A\\":[\\"喷塑:香槟金\\",\\"塑件:透明粉\\"],\\"B\\":[\\"黑色\\",\\"灰色\\"],\\"C\\":[\\"天蓝色\\"]}},{\\"product_id\\":\\"89053398-99e3-4850-86be-91cf8fd4f87c\\",\\"product_code\\":\\"C10.01.0014\\",\\"product_name\\":\\"MF007系列\\",\\"quantity\\":7,\\"unit_price\\":67,\\"configuration\\":{\\"A\\":[\\"喷塑:黑白\\",\\"塑件:白色\\"]}}]"', '1035.00', 'submitted', '2025-11-08 16:17:33', '2025-11-08 16:17:33', '2025-11-08 16:17:33');
INSERT INTO order_forms (id, form_number, customer_id, contact_name, phone, email, address, notes, items, total_amount, status, submitted_at, created_at, updated_at) VALUES ('5722f2bd-74e0-46f6-a0c3-066f6ad5ce16', 'OF-20251109-0002', 'e8b58ebb-9705-44af-abc5-c0286038e7eb', '954174686', '543456', '954174686@qq.com', '456456', NULL, '"[{\\"product_id\\":\\"89053398-99e3-4850-86be-91cf8fd4f87c\\",\\"product_code\\":\\"C10.01.0014\\",\\"product_name\\":\\"MF007系列\\",\\"quantity\\":1,\\"unit_price\\":67,\\"configuration\\":{\\"A\\":[\\"喷塑:黑白\\",\\"塑件:白色\\"],\\"B\\":[\\"塑件:白色\\",\\"雪尼尔:蓝色\\"],\\"C\\":[\\"塑件:白色\\"]}},{\\"product_id\\":\\"275bfa56-4e5a-4add-8dc2-5952adbd171e\\",\\"product_code\\":\\"MP007-002\\",\\"product_name\\":\\"MP007系列\\",\\"quantity\\":1,\\"unit_price\\":159,\\"configuration\\":{}}]"', '226.00', 'submitted', '2025-11-08 16:28:49', '2025-11-08 16:28:49', '2025-11-08 16:28:49');
INSERT INTO order_forms (id, form_number, customer_id, contact_name, phone, email, address, notes, items, total_amount, status, submitted_at, created_at, updated_at) VALUES ('1945d4be-a77a-4496-b1ec-92995ee0579a', 'OF-20251109-0003', 'e8b58ebb-9705-44af-abc5-c0286038e7eb', '954174686', '+86 13750268457', '954174686@qq.com', '2354999', '99666', '"[{\\"product_id\\":\\"275bfa56-4e5a-4add-8dc2-5952adbd171e\\",\\"product_code\\":\\"MP007-002\\",\\"product_name\\":\\"MP007系列\\",\\"quantity\\":2,\\"unit_price\\":159,\\"configuration\\":{}}]"', '318.00', 'submitted', '2025-11-08 16:37:17', '2025-11-08 16:37:17', '2025-11-08 16:37:17');
INSERT INTO order_forms (id, form_number, customer_id, contact_name, phone, email, address, notes, items, total_amount, status, submitted_at, created_at, updated_at) VALUES ('a7945b9d-478c-43ce-9eea-d7d433d10984', 'OF-20251109-0004', 'e8b58ebb-9705-44af-abc5-c0286038e7eb', '954174686', '454', '954174686@qq.com', '6456', '645', '"[{\\"product_id\\":\\"275bfa56-4e5a-4add-8dc2-5952adbd171e\\",\\"product_code\\":\\"MP007-002\\",\\"product_name\\":\\"MP007系列\\",\\"quantity\\":1,\\"unit_price\\":159,\\"configuration\\":{\\"A\\":[\\"喷塑:香槟金\\",\\"塑件:透明粉\\"],\\"B\\":[\\"黑色\\",\\"灰色\\"],\\"C\\":[\\"天蓝色\\"]}}]"', '159.00', 'submitted', '2025-11-08 16:39:44', '2025-11-08 16:39:44', '2025-11-08 16:39:44');
INSERT INTO order_forms (id, form_number, customer_id, contact_name, phone, email, address, notes, items, total_amount, status, submitted_at, created_at, updated_at) VALUES ('98189ba9-ccb9-438f-8c3c-bafbcf79aa9c', 'OF-20251109-0005', 'f8004ef4-3e12-4c14-81f2-60316457b6bf', '957474686', '789', '957474686@qq.com', '9789', NULL, '"[{\\"product_id\\":\\"89053398-99e3-4850-86be-91cf8fd4f87c\\",\\"product_code\\":\\"C10.01.0014\\",\\"product_name\\":\\"MF007系列\\",\\"quantity\\":1,\\"unit_price\\":67,\\"configuration\\":{\\"A\\":[\\"喷塑:黑白\\",\\"塑件:白色\\"],\\"B\\":[\\"塑件:白色\\",\\"雪尼尔:蓝色\\"],\\"C\\":[\\"塑件:白色\\"]}},{\\"product_id\\":\\"275bfa56-4e5a-4add-8dc2-5952adbd171e\\",\\"product_code\\":\\"MP007-002\\",\\"product_name\\":\\"MP007系列\\",\\"quantity\\":1,\\"unit_price\\":159,\\"configuration\\":{\\"A\\":[\\"φ25*1500mm 喷塑:珍珠银\\",\\"塑件:透明蓝\\"],\\"B\\":[\\"加厚ABS 蓝色\\",\\"白色\\"],\\"C\\":[\\"天蓝色\\"]}}]"', '226.00', 'submitted', '2025-11-08 16:47:03', '2025-11-08 16:47:03', '2025-11-08 16:47:03');
INSERT INTO order_forms (id, form_number, customer_id, contact_name, phone, email, address, notes, items, total_amount, status, submitted_at, created_at, updated_at) VALUES ('0bc93cda-a8e7-45b3-9ea5-dae9b866e5db', 'OF-20251109-0006', 'f8004ef4-3e12-4c14-81f2-60316457b6bf', '957474686', '12314', '957474686@qq.com', '优雅', NULL, '"[{\\"product_id\\":\\"89053398-99e3-4850-86be-91cf8fd4f87c\\",\\"product_code\\":\\"C10.01.0014\\",\\"product_name\\":\\"MF007系列\\",\\"quantity\\":1,\\"unit_price\\":67,\\"configuration\\":{\\"A\\":[\\"喷塑:黑白\\",\\"塑件:白色\\"],\\"B\\":[\\"塑件:白色\\",\\"雪尼尔:蓝色\\"],\\"C\\":[\\"塑件:白色\\"],\\"D\\":[\\"塑件:白色\\"],\\"E\\":[\\"塑件:白色\\"],\\"F\\":[\\"塑件:白色\\"]}}]"', '67.00', 'submitted', '2025-11-08 16:51:37', '2025-11-08 16:51:37', '2025-11-08 16:51:37');
INSERT INTO order_forms (id, form_number, customer_id, contact_name, phone, email, address, notes, items, total_amount, status, submitted_at, created_at, updated_at) VALUES ('c9214f16-c8e1-4c3a-b8f5-a93af0be0067', 'OF-20251109-0007', 'e8b58ebb-9705-44af-abc5-c0286038e7eb', '954174686', '543444', '954174686@qq.com', '7777', '8888', '"[{\\"product_id\\":\\"275bfa56-4e5a-4add-8dc2-5952adbd171e\\",\\"product_code\\":\\"MP007-002\\",\\"product_name\\":\\"MP007系列\\",\\"quantity\\":1,\\"unit_price\\":159,\\"configuration\\":{\\"A\\":[\\"φ25*1500mm 喷塑:珍珠银\\",\\"塑件:透明蓝\\"],\\"B\\":[\\"黑色\\",\\"灰色\\"],\\"C\\":[\\"天蓝色\\"]}},{\\"product_id\\":\\"2d131b9b-fe47-4c78-8875-af5a9ae456ad\\",\\"product_code\\":\\"4345-66\\",\\"product_name\\":\\"dfg\\",\\"quantity\\":1,\\"unit_price\\":88,\\"configuration\\":{}},{\\"product_id\\":\\"e30d0209-5bd1-421e-93cb-9a19a679fa8b\\",\\"product_code\\":\\"TEST-005\\",\\"product_name\\":\\"测试尘推系列\\",\\"quantity\\":1,\\"unit_price\\":767,\\"configuration\\":{\\"A\\":[\\"喷塑:10C冷灰\\",\\"塑件:110C冷灰\\"],\\"B\\":[\\"雪尼尔:110C冷灰\\",\\"边框:黑色\\"]}}]"', '1014.00', 'submitted', '2025-11-08 16:57:55', '2025-11-08 16:57:55', '2025-11-08 16:57:55');
INSERT INTO order_forms (id, form_number, customer_id, contact_name, phone, email, address, notes, items, total_amount, status, submitted_at, created_at, updated_at) VALUES ('dd70ac9f-87e7-4a0f-9619-46738500a284', 'OF-20251109-0008', 'e8b58ebb-9705-44af-abc5-c0286038e7eb', '954174686', '125565', '954174686@qq.com', 'ddasd', 'asd as', '"[{\\"product_id\\":\\"89053398-99e3-4850-86be-91cf8fd4f87c\\",\\"product_code\\":\\"C10.01.0014\\",\\"product_name\\":\\"MF007系列\\",\\"quantity\\":3,\\"unit_price\\":\\"67\\",\\"configuration\\":{}},{\\"product_id\\":\\"fec1ada6-0e9c-4463-b1eb-a6b44bdec36e\\",\\"product_code\\":\\"TEST-004\\",\\"product_name\\":\\"测试刷子系列\\",\\"quantity\\":1,\\"unit_price\\":\\"255\\",\\"configuration\\":{}},{\\"product_id\\":\\"275bfa56-4e5a-4add-8dc2-5952adbd171e\\",\\"product_code\\":\\"MP007-002\\",\\"product_name\\":\\"MP007系列\\",\\"quantity\\":2,\\"unit_price\\":\\"159\\",\\"configuration\\":{}},{\\"product_id\\":\\"e30d0209-5bd1-421e-93cb-9a19a679fa8b\\",\\"product_code\\":\\"TEST-005\\",\\"product_name\\":\\"测试尘推系列\\",\\"quantity\\":1,\\"unit_price\\":\\"767\\",\\"configuration\\":{}},{\\"product_id\\":\\"2d131b9b-fe47-4c78-8875-af5a9ae456ad\\",\\"product_code\\":\\"4345-66\\",\\"product_name\\":\\"dfg\\",\\"quantity\\":1,\\"unit_price\\":\\"88\\",\\"configuration\\":{}}]"', '1629.00', 'submitted', '2025-11-08 17:06:24', '2025-11-08 17:06:24', '2025-11-08 17:06:24');
INSERT INTO order_forms (id, form_number, customer_id, contact_name, phone, email, address, notes, items, total_amount, status, submitted_at, created_at, updated_at) VALUES ('e1da93fb-7873-473e-9b76-ba0e577980df', 'OF-20251109-0009', 'e8b58ebb-9705-44af-abc5-c0286038e7eb', '954174686', '18868110537', '954174686@qq.com', 'yy', 'yyy', '"[{\\"product_id\\":\\"89053398-99e3-4850-86be-91cf8fd4f87c\\",\\"product_code\\":\\"C10.01.0014\\",\\"product_name\\":\\"MF007系列\\",\\"quantity\\":1,\\"unit_price\\":67,\\"configuration\\":{}}]"', '67.00', 'submitted', '2025-11-08 17:17:13', '2025-11-08 17:17:13', '2025-11-08 17:17:13');
INSERT INTO order_forms (id, form_number, customer_id, contact_name, phone, email, address, notes, items, total_amount, status, submitted_at, created_at, updated_at) VALUES ('3388aba0-7470-490c-b327-a2a34e632b69', 'OF-20251109-0010', '8199919c-1859-4ebd-a8a9-62de5a712bc6', 'fff', '677', '222@vip.com', '88', '866', '"[{\\"product_id\\":\\"26115351-0553-4bbc-a68e-b202eca2882a\\",\\"product_name\\":\\"MP007 Series\\",\\"quantity\\":1,\\"unit_price\\":\\"992\\",\\"configuration\\":{}}]"', '992.00', 'submitted', '2025-11-09 07:29:06', '2025-11-09 07:29:06', '2025-11-09 07:29:06');
INSERT INTO order_forms (id, form_number, customer_id, contact_name, phone, email, address, notes, items, total_amount, status, submitted_at, created_at, updated_at) VALUES ('812cd41d-4693-417f-9f25-4912e3eab1d8', 'OF-20251109-0011', '8199919c-1859-4ebd-a8a9-62de5a712bc6', 'fff', '564', '222@vip.com', '456', '456', '"[{\\"product_id\\":\\"0cf8f7bc-8574-49e4-86b2-ccdc71a25ca7\\",\\"product_name\\":\\"Pet Cleaning Tool\\",\\"quantity\\":1,\\"unit_price\\":\\"115\\",\\"configuration\\":{}}]"', '115.00', 'submitted', '2025-11-09 14:26:32', '2025-11-09 14:26:32', '2025-11-09 14:26:32');
INSERT INTO order_forms (id, form_number, customer_id, contact_name, phone, email, address, notes, items, total_amount, status, submitted_at, created_at, updated_at) VALUES ('fe36c2c6-6601-43d1-b79c-31df03dced09', 'OF-20251109-0012', 'e8b58ebb-9705-44af-abc5-c0286038e7eb', '954174686', '66', '954174686@qq.com', '677', NULL, '"[{\\"product_id\\":\\"fc014fa9-26ab-4a36-96ca-0296e4909623\\",\\"product_name\\":\\"Outsourced Supplies\\",\\"quantity\\":1,\\"unit_price\\":\\"97\\",\\"configuration\\":{}}]"', '97.00', 'submitted', '2025-11-09 15:04:34', '2025-11-09 15:04:34', '2025-11-09 15:04:34');
INSERT INTO order_forms (id, form_number, customer_id, contact_name, phone, email, address, notes, items, total_amount, status, submitted_at, created_at, updated_at) VALUES ('b18bbb88-690f-4a32-9239-4b2bca14e307', 'OF-20251109-0013', '8dd976e7-25c4-412c-bb8a-cd4455303ac9', '123', '33', '123@vip.com', '22', '22', '"[{\\"product_id\\":\\"560643f6-f494-4233-95aa-76be5fa1b5d4\\",\\"product_code\\":\\"MX001-002\\",\\"product_name\\":\\"混合清洁工具\\",\\"quantity\\":1,\\"unit_price\\":118,\\"configuration\\":{\\"A\\":{\\"schemeName\\":\\"配色方案1\\",\\"colors\\":[{\\"part\\":\\"工具头\\",\\"color\\":\\"黑色\\",\\"hexColor\\":\\"#000000\\"},{\\"part\\":\\"工具头2\\",\\"color\\":\\"灰色\\",\\"hexColor\\":\\"#808080\\"}]},\\"B\\":{\\"schemeName\\":\\"配色方案1\\",\\"colors\\":[{\\"part\\":\\"连接杆\\",\\"color\\":\\"红色\\",\\"hexColor\\":\\"#FF0000\\"}]},\\"C\\":{\\"schemeName\\":\\"配色方案1\\",\\"colors\\":[{\\"part\\":\\"手柄\\",\\"color\\":\\"蓝色\\",\\"hexColor\\":\\"#0000FF\\"}]}}}]"', '118.00', 'submitted', '2025-11-09 15:31:31', '2025-11-09 15:31:31', '2025-11-09 15:31:31');
INSERT INTO order_forms (id, form_number, customer_id, contact_name, phone, email, address, notes, items, total_amount, status, submitted_at, created_at, updated_at) VALUES ('87ab5ec0-f8e7-4544-b8c1-cf7855c415f9', 'OF-20251109-0014', '8dd976e7-25c4-412c-bb8a-cd4455303ac9', '123', '77', '123@vip.com', '88', '8', '"[{\\"product_id\\":\\"719576f3-8949-409e-af33-4f689b69365b\\",\\"product_code\\":\\"W001-002\\",\\"product_name\\":\\"外购清洁用品\\",\\"quantity\\":1,\\"unit_price\\":112,\\"configuration\\":{\\"A\\":{\\"schemeName\\":\\"配色方案1\\",\\"colors\\":[{\\"part\\":\\"主体\\",\\"color\\":\\"黄色\\",\\"hexColor\\":\\"#FFFF00\\"}]},\\"B\\":{\\"schemeName\\":\\"配色方案1\\",\\"colors\\":[{\\"part\\":\\"配件\\",\\"color\\":\\"深灰\\",\\"hexColor\\":\\"#404040\\"},{\\"part\\":\\"配件2\\",\\"color\\":\\"银色\\",\\"hexColor\\":\\"#C0C0C0\\"}]}}}]"', '112.00', 'submitted', '2025-11-09 15:34:22', '2025-11-09 15:34:22', '2025-11-09 15:34:22');
INSERT INTO order_forms (id, form_number, customer_id, contact_name, phone, email, address, notes, items, total_amount, status, submitted_at, created_at, updated_at) VALUES ('7d02b33e-1389-4243-8166-7a795c212b3c', 'OF-20251110-0001', '8dd976e7-25c4-412c-bb8a-cd4455303ac9', '123', '+86 13750268457', '123@vip.com', 'uu', 'uu', '"[{\\"product_id\\":\\"719576f3-8949-409e-af33-4f689b69365b\\",\\"product_code\\":\\"W001-002\\",\\"product_name\\":\\"外购清洁用品\\",\\"quantity\\":1,\\"unit_price\\":112,\\"configuration\\":{\\"A\\":{\\"schemeName\\":\\"配色方案1\\",\\"colors\\":[{\\"part\\":\\"主体\\",\\"color\\":\\"黄色\\",\\"hexColor\\":\\"#FFFF00\\"}]},\\"B\\":{\\"schemeName\\":\\"配色方案1\\",\\"colors\\":[{\\"part\\":\\"配件\\",\\"color\\":\\"深灰\\",\\"hexColor\\":\\"#404040\\"},{\\"part\\":\\"配件2\\",\\"color\\":\\"银色\\",\\"hexColor\\":\\"#C0C0C0\\"}]}}}]"', '112.00', 'submitted', '2025-11-09 16:24:30', '2025-11-09 16:24:30', '2025-11-09 16:24:30');
INSERT INTO order_forms (id, form_number, customer_id, contact_name, phone, email, address, notes, items, total_amount, status, submitted_at, created_at, updated_at) VALUES ('07058a5c-6409-4637-9525-e2566c2587ab', 'OF-20251110-0002', '8dd976e7-25c4-412c-bb8a-cd4455303ac9', '123', '18868110537', '123@vip.com', '66', '55', '"[{\\"product_id\\":\\"d2ecba86-2c8e-477f-8a41-51a63e100d3b\\",\\"product_name\\":\\"Window Squeegee\\",\\"quantity\\":1,\\"unit_price\\":\\"119\\",\\"configuration\\":{\\"A\\":{\\"schemeName\\":\\"配色方案1\\",\\"colors\\":[{\\"part\\":\\"刮条\\",\\"color\\":\\"玫红\\",\\"hexColor\\":\\"#FF1493\\"}]},\\"B\\":{\\"schemeName\\":\\"配色方案1\\",\\"colors\\":[{\\"part\\":\\"手柄\\",\\"color\\":\\"白色\\",\\"hexColor\\":\\"#FFFFFF\\"},{\\"part\\":\\"手柄2\\",\\"color\\":\\"浅灰\\",\\"hexColor\\":\\"#D3D3D3\\"}]},\\"C\\":{\\"schemeName\\":\\"配色方案1\\",\\"colors\\":[{\\"part\\":\\"底座\\",\\"color\\":\\"银色\\",\\"hexColor\\":\\"#C0C0C0\\"}]}}}]"', '119.00', 'submitted', '2025-11-09 17:19:44', '2025-11-09 17:19:44', '2025-11-09 17:19:44');
INSERT INTO order_forms (id, form_number, customer_id, contact_name, phone, email, address, notes, items, total_amount, status, submitted_at, created_at, updated_at) VALUES ('06fa92c7-58b7-4078-9ae3-933fc2776fdb', 'OF-20251110-0003', '8dd976e7-25c4-412c-bb8a-cd4455303ac9', '123', '66', '123@vip.com', '66', '66', '"[{\\"product_id\\":\\"719576f3-8949-409e-af33-4f689b69365b\\",\\"product_name\\":\\"Outsourced Supplies\\",\\"quantity\\":7,\\"unit_price\\":\\"112\\",\\"configuration\\":{\\"A\\":{\\"schemeName\\":\\"配色方案1\\",\\"colors\\":[{\\"part\\":\\"主体\\",\\"color\\":\\"黄色\\",\\"hexColor\\":\\"#FFFF00\\"}]},\\"B\\":{\\"schemeName\\":\\"配色方案1\\",\\"colors\\":[{\\"part\\":\\"配件\\",\\"color\\":\\"深灰\\",\\"hexColor\\":\\"#404040\\"},{\\"part\\":\\"配件2\\",\\"color\\":\\"银色\\",\\"hexColor\\":\\"#C0C0C0\\"}]}}}]"', '784.00', 'submitted', '2025-11-09 17:26:12', '2025-11-09 17:26:12', '2025-11-09 17:26:12');
INSERT INTO order_forms (id, form_number, customer_id, contact_name, phone, email, address, notes, items, total_amount, status, submitted_at, created_at, updated_at) VALUES ('f9123c7c-15e8-4203-bdf4-45df9fe42b0f', 'OF-20251110-0004', '8dd976e7-25c4-412c-bb8a-cd4455303ac9', '123', 'rr', '123@vip.com', 'rr', 'rr', '"[{\\"product_id\\":\\"719576f3-8949-409e-af33-4f689b69365b\\",\\"product_code\\":\\"C04.01.0026\\",\\"product_name\\":\\"外购清洁用品\\",\\"quantity\\":1,\\"unit_price\\":112,\\"configuration\\":{\\"A\\":{\\"componentName\\":\\"主体/Fabric\\",\\"schemeName\\":\\"配色方案1\\",\\"colors\\":[{\\"part\\":\\"主体\\",\\"color\\":\\"黄色\\",\\"hexColor\\":\\"#FFFF00\\"}]},\\"B\\":{\\"componentName\\":\\"配件/Duster Head\\",\\"schemeName\\":\\"配色方案1\\",\\"colors\\":[{\\"part\\":\\"配件\\",\\"color\\":\\"深灰\\",\\"hexColor\\":\\"#404040\\"},{\\"part\\":\\"配件2\\",\\"color\\":\\"银色\\",\\"hexColor\\":\\"#C0C0C0\\"}]}}}]"', '112.00', 'submitted', '2025-11-09 18:53:17', '2025-11-09 18:53:17', '2025-11-09 18:53:17');
INSERT INTO order_forms (id, form_number, customer_id, contact_name, phone, email, address, notes, items, total_amount, status, submitted_at, created_at, updated_at) VALUES ('e50f6a44-a6b1-47e0-8329-fe820514b0bb', 'OF-20251110-0005', '8dd976e7-25c4-412c-bb8a-cd4455303ac9', '123', '99', '123@vip.com', '99', '99', '"[{\\"product_id\\":\\"ad482a44-2df6-49c2-92db-14c3cbf644b3\\",\\"product_code\\":\\"C04.01.0012\\",\\"product_name\\":\\"马桶刷套装\\",\\"quantity\\":1,\\"unit_price\\":122,\\"configuration\\":{\\"A\\":{\\"componentName\\":\\"布料/Fabric\\",\\"schemeName\\":\\"配色方案2\\",\\"colors\\":[{\\"part\\":\\"布料/Fabric\\",\\"color\\":\\"黄色\\",\\"hexColor\\":\\"#FFFF00\\",\\"partEn\\":\\"Fabric\\"},{\\"part\\":\\"布料2/Fabric 2\\",\\"color\\":\\"未配置\\",\\"hexColor\\":\\"#FFFFFF\\",\\"partEn\\":\\"Fabric 2\\"}]},\\"B\\":{\\"componentName\\":\\"掸头/Duster Head\\",\\"schemeName\\":\\"配色方案3\\",\\"colors\\":[{\\"part\\":\\"掸头/Duster Head\\",\\"color\\":\\"黑色\\",\\"hexColor\\":\\"#000000\\",\\"partEn\\":\\"Duster Head\\"}]},\\"C\\":{\\"componentName\\":\\"底座/Base\\",\\"schemeName\\":\\"配色方案1\\",\\"colors\\":[{\\"part\\":\\"底座/Base\\",\\"color\\":\\"草绿\\",\\"hexColor\\":\\"#7CFC00\\",\\"partEn\\":\\"Base\\"}]}}}]"', '122.00', 'submitted', '2025-11-10 01:38:07', '2025-11-10 01:38:07', '2025-11-10 01:38:07');
INSERT INTO order_forms (id, form_number, customer_id, contact_name, phone, email, address, notes, items, total_amount, status, submitted_at, created_at, updated_at) VALUES ('f6faed7b-2219-459d-8e75-ca330d8619b8', 'OF-20251110-0006', '8dd976e7-25c4-412c-bb8a-cd4455303ac9', '123', '00', '123@vip.com', '00', '00', '"[{\\"product_id\\":\\"ad482a44-2df6-49c2-92db-14c3cbf644b3\\",\\"product_name\\":\\"Toilet Brush Set\\",\\"quantity\\":1,\\"unit_price\\":\\"122\\",\\"configuration\\":{\\"A\\":{\\"componentName\\":\\"布料/Fabric\\",\\"schemeName\\":\\"配色方案3\\",\\"colors\\":[{\\"part\\":\\"布料/Fabric\\",\\"color\\":\\"绿色\\",\\"hexColor\\":\\"#00FF00\\",\\"partEn\\":\\"Fabric\\"},{\\"part\\":\\"布料2/Fabric 2\\",\\"color\\":\\"未配置\\",\\"hexColor\\":\\"#FFFFFF\\",\\"partEn\\":\\"Fabric 2\\"}]},\\"B\\":{\\"componentName\\":\\"掸头/Duster Head\\",\\"schemeName\\":\\"配色方案3\\",\\"colors\\":[{\\"part\\":\\"掸头/Duster Head\\",\\"color\\":\\"黑色\\",\\"hexColor\\":\\"#000000\\",\\"partEn\\":\\"Duster Head\\"}]},\\"C\\":{\\"componentName\\":\\"底座/Base\\",\\"schemeName\\":\\"配色方案2\\",\\"colors\\":[{\\"part\\":\\"底座/Base\\",\\"color\\":\\"银色\\",\\"hexColor\\":\\"#C0C0C0\\",\\"partEn\\":\\"Base\\"}]}}}]"', '122.00', 'submitted', '2025-11-10 01:42:59', '2025-11-10 01:42:59', '2025-11-10 01:42:59');
INSERT INTO order_forms (id, form_number, customer_id, contact_name, phone, email, address, notes, items, total_amount, status, submitted_at, created_at, updated_at) VALUES ('9b205215-5c30-4301-a2db-461cabbcdaa4', 'OF-20251110-0007', '8dd976e7-25c4-412c-bb8a-cd4455303ac9', '123', '88', '123@vip.com', '88', NULL, '"[{\\"product_id\\":\\"2c700218-9e1f-4ee0-b69b-92707f9e6d81\\",\\"product_code\\":\\"C04.01.0022\\",\\"product_name\\":\\"汽车清洁套装\\",\\"quantity\\":1,\\"unit_price\\":147,\\"configuration\\":{\\"A\\":{\\"componentName\\":\\"布料/Fabric\\",\\"schemeName\\":\\"配色方案2\\",\\"colors\\":[{\\"part\\":\\"布料/Fabric\\",\\"color\\":\\"米色/Beige\\",\\"hexColor\\":\\"#F5F5DC\\",\\"partEn\\":\\"Fabric\\"},{\\"part\\":\\"布料2/Fabric 2\\",\\"color\\":\\"浅灰/Light Gray\\",\\"hexColor\\":\\"#D3D3D3\\",\\"partEn\\":\\"Fabric 2\\"}]},\\"B\\":{\\"componentName\\":\\"掸头/Duster Head\\",\\"schemeName\\":\\"配色方案2\\",\\"colors\\":[{\\"part\\":\\"掸头/Duster Head\\",\\"color\\":\\"米色/Beige\\",\\"hexColor\\":\\"#F5F5DC\\",\\"partEn\\":\\"Duster Head\\"}]},\\"C\\":{\\"componentName\\":\\"底座/Base\\",\\"schemeName\\":\\"配色方案2\\",\\"colors\\":[{\\"part\\":\\"底座/Base\\",\\"color\\":\\"黄色/Yellow\\",\\"hexColor\\":\\"#FFFF00\\",\\"partEn\\":\\"Base\\"}]},\\"D\\":{\\"componentName\\":\\"杆件/Rod\\",\\"schemeName\\":\\"配色方案2\\",\\"colors\\":[{\\"part\\":\\"杆件/Rod\\",\\"color\\":\\"紫色/Purple\\",\\"hexColor\\":\\"#800080\\",\\"partEn\\":\\"Rod\\"}]}}}]"', '147.00', 'submitted', '2025-11-10 02:21:52', '2025-11-10 02:21:52', '2025-11-10 02:21:52');

-- 系统配置数据
INSERT INTO system_configs (id, config_key, config_value, config_type, description, updated_at) VALUES ('87b0ba03-61f1-44b1-b245-53d92d0b6ffe', 'about_story_image_1', '/uploads/images/image______________20250709180313_1762018221534_ne99ma.png', 'text', NULL, '2025-11-08 14:23:56');
INSERT INTO system_configs (id, config_key, config_value, config_type, description, updated_at) VALUES ('d2c3b0f2-99a0-4b4b-9652-f021fe4ea9ee', 'homepage_heroImage', '/uploads/images/image______________20250812094530_39_1762085990687_8i5ng0.jpg', 'text', NULL, '2025-11-02 12:21:04');
INSERT INTO system_configs (id, config_key, config_value, config_type, description, updated_at) VALUES ('3298ec2e-0337-4daf-be20-81fbfbd2c1e7', 'homepage_featured_products', '[{"titleZh":"组合套装系列","titleEn":"Combo Sets Collection","descriptionZh":"一站式清洁解决方案，满足全方位清洁需求","descriptionEn":"One-stop cleaning solutions for all your needs","categoryCode":"MP","image":"/uploads/images/image_coll4_1762703722047_qencxt.png","title":"CD001 - 双面玻璃清洁器","description":"双面设计，一擦一刮，让玻璃洁净无痕迹","title_en":"CD001-Double-sided Glass Cleaner","description_en":"Dual-sided, wipes/scrapes glass, streak-free finish.","link":"/products/ad28311d-cf79-4e1d-aeb2-735c7bb0d141"},{"titleZh":"拖把系列","titleEn":"Mop Collection","descriptionZh":"创新设计，高效清洁，让地板焕然一新","descriptionEn":"Innovative designs for efficient floor cleaning","categoryCode":"TB","image":"/uploads/images/image_unnamed__3__1762703728651_89473a.png","title":"W001 - 抗菌马桶刷","description":"抗菌刷毛，深入清洁马桶，易冲洗晾干","title_en":"W001-Antibacterial Toilet Brush","description_en":"Antibacterial bristles, deep cleans toilet, easy to rinse.","link":"/products/0eafc908-6829-496f-bd96-be2684948528"},{"titleZh":"刷类系列","titleEn":"Brush Collection","descriptionZh":"专业清洁工具，应对各种清洁挑战","descriptionEn":"Professional cleaning tools for every challenge","categoryCode":"S","title":"MX001 - 多功能平板拖把","image":"/uploads/images/image_coll3_1762703441497_gcu7f6.png","description":"高密度纤维拖布，高效清洁木地板、瓷砖等多种地面","title_en":"MX001-Multi-functional Flat Mop","description_en":"High-density fiber, cleans wood/tile floors efficiently.","link":"/products/2407def2-0c16-4a77-ad13-c3694fa13d26"},{"titleZh":"车用清洁系列","titleEn":"Car Cleaning Collection","descriptionZh":"专业汽车清洁用品，呵护您的爱车","descriptionEn":"Professional car care products for your vehicle","categoryCode":"QC","image":"/uploads/images/image_coll4_1762703685590_g01gpp.png","title":"MB001 - 可伸缩除尘掸","description":"360° 无死角除尘，可伸缩杆设计，材质不易掉毛","title_en":"MB001-Retractable Duster","description_en":"360° dusting, retractable pole, lint-free material.","link":"/products/37d2704e-d537-49a1-9eee-a64ee53d72b8"}]', 'json', NULL, '2025-11-09 16:47:17');
INSERT INTO system_configs (id, config_key, config_value, config_type, description, updated_at) VALUES ('722153a3-54bf-44b0-83cb-0764bf71fced', 'homepage_hero_image', '/uploads/images/image_coll2_1762611157071_y5p4eb.png', 'text', NULL, '2025-11-09 16:47:17');
INSERT INTO system_configs (id, config_key, config_value, config_type, description, updated_at) VALUES ('43301ac7-29d7-4e55-86d1-b43ab3e613f0', 'homepage_heroTitle', 'welcome to lemopx', 'text', NULL, '2025-11-08 14:13:14');
INSERT INTO system_configs (id, config_key, config_value, config_type, description, updated_at) VALUES ('a1a10d6d-6a74-47f0-a2ac-5f871adf45bc', 'about_hero_image', '/uploads/images/image_coll1_1762694113442_80eufu.png', 'text', NULL, '2025-11-09 13:15:13');
INSERT INTO system_configs (id, config_key, config_value, config_type, description, updated_at) VALUES ('a93f44d2-f885-4450-a6d5-3c0db06d1e0f', 'about_story_image_2', '/uploads/images/image_6530a6de54183c62fba496db2e39dbf3_1762611835101_a8e076.png', 'text', NULL, '2025-11-08 14:23:56');
INSERT INTO system_configs (id, config_key, config_value, config_type, description, updated_at) VALUES ('be834129-6c29-4218-842d-aeac7724909b', 'site_socialMedia', '{"facebook":"https://facebook.com/lemopx"}', 'json', NULL, '2025-11-08 15:41:48');
INSERT INTO system_configs (id, config_key, config_value, config_type, description, updated_at) VALUES ('ed9e761d-2d37-4a7f-87e9-c9928f7376b7', 'about_hero_title_line2_en', 'Trusted Quality', 'text', NULL, '2025-11-09 13:15:13');
INSERT INTO system_configs (id, config_key, config_value, config_type, description, updated_at) VALUES ('82b920ce-5035-4f13-a233-e93b96fe58c2', 'about_hero_subtitle_en', 'Since 2010, committed to providing high-quality, innovative cleaning solutions to customers worldwide', 'text', NULL, '2025-11-09 13:15:13');
INSERT INTO system_configs (id, config_key, config_value, config_type, description, updated_at) VALUES ('a6afba7e-7f7e-4439-a479-b42e1518885b', 'about_hero_subtitle_zh', '自2010年成立以来，致力于为全球客户提供高品质、创新的清洁解决方案', 'text', NULL, '2025-11-09 13:15:13');
INSERT INTO system_configs (id, config_key, config_value, config_type, description, updated_at) VALUES ('c0435b16-616c-4851-9f76-29f2c35034e6', 'about_hero_title_line2_zh', '值得信赖的品质', 'text', NULL, '2025-11-09 13:15:13');
INSERT INTO system_configs (id, config_key, config_value, config_type, description, updated_at) VALUES ('2b67e0a0-6f43-44d1-bf4e-7db5088bd721', 'about_story1_image', '/uploads/images/image_coll2_1762694113460_q9qj7l.png', 'text', NULL, '2025-11-09 13:15:13');
INSERT INTO system_configs (id, config_key, config_value, config_type, description, updated_at) VALUES ('f10a80dd-4ec8-4616-b7ed-ec3188ae2f91', 'about_story1_title_zh', '我们的故事', 'text', NULL, '2025-11-09 13:15:13');
INSERT INTO system_configs (id, config_key, config_value, config_type, description, updated_at) VALUES ('d3bc4b2a-c0a8-4720-84c8-241951a570af', 'about_story2_image', '/uploads/images/image_coll3_1762694113490_1qhpno.png', 'text', NULL, '2025-11-09 13:15:13');
INSERT INTO system_configs (id, config_key, config_value, config_type, description, updated_at) VALUES ('37b0e825-3338-4952-b5e9-27c63e3f79ea', 'homepage_hero_title_en', 'Professional Cleaning Solutions', 'text', NULL, '2025-11-09 13:15:13');
INSERT INTO system_configs (id, config_key, config_value, config_type, description, updated_at) VALUES ('c56d09d1-270d-47ba-9a62-554867665f32', 'homepage_hero_title_zh', '专业清洁解决方案', 'text', NULL, '2025-11-09 13:15:13');
INSERT INTO system_configs (id, config_key, config_value, config_type, description, updated_at) VALUES ('5fc24149-b651-4621-bb85-1e3bc2e3c405', 'homepage_hero_subtitle_zh', '为您的家庭和企业提供优质清洁产品', 'text', NULL, '2025-11-09 13:15:13');
INSERT INTO system_configs (id, config_key, config_value, config_type, description, updated_at) VALUES ('e3fa0e4b-5fd5-46d8-b34a-07117b2f9254', 'homepage_hero_subtitle_en', 'Quality cleaning products for your home and business', 'text', NULL, '2025-11-09 13:15:13');
INSERT INTO system_configs (id, config_key, config_value, config_type, description, updated_at) VALUES ('12ff8417-fde3-4145-b138-137191569a2f', 'about_hero_title_line1_en', 'Professional Cleaning Products Manufacturer', 'text', NULL, '2025-11-09 13:15:13');
INSERT INTO system_configs (id, config_key, config_value, config_type, description, updated_at) VALUES ('770ead09-74c1-4f0a-931a-063631debf92', 'about_contact_address_zh', '中国广东省佛山市南海区 工业园区', 'text', NULL, '2025-11-09 13:15:13');
INSERT INTO system_configs (id, config_key, config_value, config_type, description, updated_at) VALUES ('79d32dff-ae06-4628-87e7-1b186655710c', 'about_contact_address_en', 'Industrial Park, Nanhai District, Foshan City, Guangdong Province, China', 'text', NULL, '2025-11-09 13:15:13');
INSERT INTO system_configs (id, config_key, config_value, config_type, description, updated_at) VALUES ('1d95ad27-892c-418d-9ea7-ff9c14557b50', 'about_contact_phone', '+86 757 1234 5678', 'text', NULL, '2025-11-09 13:15:13');
INSERT INTO system_configs (id, config_key, config_value, config_type, description, updated_at) VALUES ('ed65d515-2ede-48ca-86c9-3b9445120404', 'about_story1_title_en', 'Our Story', 'text', NULL, '2025-11-09 13:15:13');
INSERT INTO system_configs (id, config_key, config_value, config_type, description, updated_at) VALUES ('c0027d75-0da8-47e6-b9dd-6608f89cf006', 'about_contact_email', 'info@mingping-cleaning.com', 'text', NULL, '2025-11-09 13:15:13');
INSERT INTO system_configs (id, config_key, config_value, config_type, description, updated_at) VALUES ('bc96b290-6f13-458f-8e1f-effe02fb7f80', 'about_hero_title_line1_zh', '专业清洁用品制造商', 'text', NULL, '2025-11-09 13:15:13');
INSERT INTO system_configs (id, config_key, config_value, config_type, description, updated_at) VALUES ('0158e0b8-2f01-4c87-bf78-7db9eeed4f45', 'about_story1_desc1_zh', '明平清洁成立于2010年，是一家专注于研发和生产高品质清洁用品的现代化企业。我们拥有先进的生产基地和专业的研发团队，致力于为客户提供优质的产品和服务。', 'text', NULL, '2025-11-09 13:15:13');
INSERT INTO system_configs (id, config_key, config_value, config_type, description, updated_at) VALUES ('75ac1dee-c9f3-45b4-b80b-2e372aa60f0e', 'about_story1_desc1_en', 'Founded in 2010, Mingping Cleaning is a modern enterprise specializing in the R&D and manufacturing of high-quality cleaning supplies.', 'text', NULL, '2025-11-09 13:15:13');
INSERT INTO system_configs (id, config_key, config_value, config_type, description, updated_at) VALUES ('314ca4ee-91ad-40fc-b644-97dc33baaf9e', 'about_story2_title_en', 'Quality Commitment', 'text', NULL, '2025-11-09 13:15:13');
INSERT INTO system_configs (id, config_key, config_value, config_type, description, updated_at) VALUES ('a918347a-375f-4245-9179-b371c1c60813', 'about_story2_desc1_zh', '我们建立了严格的质量控制体系，从原材料采购到生产制造，每一个环节都经过严格把关。', 'text', NULL, '2025-11-09 13:15:13');
INSERT INTO system_configs (id, config_key, config_value, config_type, description, updated_at) VALUES ('84b0f9df-65cd-4e55-b202-251a929b1395', 'about_story2_desc1_en', 'We have established a strict quality control system from raw materials to manufacturing.', 'text', NULL, '2025-11-09 13:15:13');
INSERT INTO system_configs (id, config_key, config_value, config_type, description, updated_at) VALUES ('a4692233-50be-49a5-bc4a-98577c384fda', 'about_story2_desc2_zh', '持续投入研发，引进先进技术，不断推出符合市场需求的创新产品。', 'text', NULL, '2025-11-09 13:15:13');
INSERT INTO system_configs (id, config_key, config_value, config_type, description, updated_at) VALUES ('407e7981-7e8c-429a-aff7-7cd0b67434ea', 'about_story2_desc2_en', 'Continuous R&D investment and introduction of advanced technology.', 'text', NULL, '2025-11-09 13:15:13');
INSERT INTO system_configs (id, config_key, config_value, config_type, description, updated_at) VALUES ('de948bdf-30af-40f3-a08c-862ca26023e0', 'about_story2_title_zh', '质量承诺', 'text', NULL, '2025-11-09 13:15:13');
INSERT INTO system_configs (id, config_key, config_value, config_type, description, updated_at) VALUES ('4bc1dd51-0db4-40b6-829a-ab41fd042ef9', 'about_story1_desc2_en', 'After more than a decade of development, our products are exported to over 30 countries worldwide.', 'text', NULL, '2025-11-09 13:15:13');
INSERT INTO system_configs (id, config_key, config_value, config_type, description, updated_at) VALUES ('48b0612c-ffa9-402b-bb92-2f776f3a8e61', 'about_story1_desc2_zh', '经过十余年的发展，我们的产品已远销欧美、东南亚等30多个国家和地区，深受全球客户的信赖与好评。', 'text', NULL, '2025-11-09 13:15:13');
