-- MySQL dump 10.13  Distrib 8.0.44, for Linux (x86_64)
--
-- Host: localhost    Database: mingping_mall
-- ------------------------------------------------------
-- Server version	8.0.44-0ubuntu0.24.04.1

/*!40101 SET @OLD_CHARACTER_SET_CLIENT=@@CHARACTER_SET_CLIENT */;
/*!40101 SET @OLD_CHARACTER_SET_RESULTS=@@CHARACTER_SET_RESULTS */;
/*!40101 SET @OLD_COLLATION_CONNECTION=@@COLLATION_CONNECTION */;
/*!50503 SET NAMES utf8mb4 */;
/*!40103 SET @OLD_TIME_ZONE=@@TIME_ZONE */;
/*!40103 SET TIME_ZONE='+00:00' */;
/*!40014 SET @OLD_UNIQUE_CHECKS=@@UNIQUE_CHECKS, UNIQUE_CHECKS=0 */;
/*!40014 SET @OLD_FOREIGN_KEY_CHECKS=@@FOREIGN_KEY_CHECKS, FOREIGN_KEY_CHECKS=0 */;
/*!40101 SET @OLD_SQL_MODE=@@SQL_MODE, SQL_MODE='NO_AUTO_VALUE_ON_ZERO' */;
/*!40111 SET @OLD_SQL_NOTES=@@SQL_NOTES, SQL_NOTES=0 */;

--
-- Dumping data for table `categories`
--

LOCK TABLES `categories` WRITE;
/*!40000 ALTER TABLE `categories` DISABLE KEYS */;
INSERT INTO `categories` VALUES ('05d5f6a3-3384-4a23-9093-efb1c2a53250','MX','混合类','Mixed Products',NULL,0,0,1,'2025-11-09 14:13:26.000','2025-11-09 14:13:26.000'),('274be5c7-982e-4b16-8ed1-dc1070133000','GV','家用','Homeuse','',11,0,1,'2025-11-14 17:35:21.807','2025-11-14 17:35:21.807'),('2c966856-157f-4aad-84c0-fc302b6376b8','CG','玻璃&地刷类','Glass & Floor Brushes',NULL,0,0,1,'2025-11-09 14:13:26.000','2025-11-09 14:13:26.000'),('34f939f5-271d-468b-a784-72de9e4f7263','TE','测试','Test','',10,0,1,'2025-11-14 17:34:26.933','2025-11-14 17:34:45.120'),('406071db-bfc2-11f0-8ae9-00163e441c7f','T','杆件','Poles',NULL,3,0,1,'2025-11-12 20:22:27.310','2025-11-12 20:36:55.767'),('406077aa-bfc2-11f0-8ae9-00163e441c7f','QC','车用类','Car Care',NULL,9,0,1,'2025-11-12 20:22:27.310','2025-11-12 20:36:55.767'),('406079c1-bfc2-11f0-8ae9-00163e441c7f','CW','宠物类','Pet Care',NULL,10,0,1,'2025-11-12 20:22:27.310','2025-11-12 20:36:55.767'),('40607c82-bfc2-11f0-8ae9-00163e441c7f','MB','抹布类','Cloths',NULL,8,0,1,'2025-11-12 20:22:27.310','2025-11-12 20:36:55.767'),('4c882d5f-89eb-412e-acba-a48707b9d0b4','CD','除尘类','Dusters',NULL,0,0,1,'2025-11-09 14:13:26.000','2025-11-09 14:13:26.000'),('661afc9e-30a0-4f5f-9e8b-24552ae6cb01','TB','拖把类','Mops',NULL,0,0,1,'2025-11-09 14:13:26.000','2025-11-09 14:13:26.000'),('8aa1158d-fd77-4567-953a-6fd57615d1f1','S','刷类','Brushes',NULL,0,0,1,'2025-11-09 14:13:26.000','2025-11-09 14:13:26.000'),('9105bfe8-7b1c-4e14-bf13-1f503cd98dfd','B','拖把头','Mop Heads',NULL,0,0,1,'2025-11-09 14:13:26.000','2025-11-09 14:13:26.000');
/*!40000 ALTER TABLE `categories` ENABLE KEYS */;
UNLOCK TABLES;

--
-- Dumping data for table `product_groups`
--

LOCK TABLES `product_groups` WRITE;
/*!40000 ALTER TABLE `product_groups` DISABLE KEYS */;
INSERT INTO `product_groups` VALUES ('2407def2-0c16-4a77-ad13-c3694fa13d26','MX001','混合清洁工具','Mixed Cleaning Tools','05d5f6a3-3384-4a23-9093-efb1c2a53250','MX',NULL,NULL,NULL,'shared',NULL,NULL,0,NULL,0,0,'inactive','all','2025-11-09 14:13:27.000','2025-11-13 08:38:21.441','[{\"nameEn\": \"All 5C Cool Gray\", \"nameZh\": \"全部5C冷灰\"}, {\"nameEn\": \"Handle/Button 571C Others: 12C\", \"nameZh\": \"手柄/按钮571C 其他全部:12C\"}, {\"nameEn\": \"Triangle Link 571C Others: 432C\", \"nameZh\": \"三角链接571C 其他全部:432C\"}]'),('2bb17599-5f3c-4961-a97e-3cf0bfe9f666','S001','马桶刷套装','Toilet Brush Set','8aa1158d-fd77-4567-953a-6fd57615d1f1','S',NULL,NULL,NULL,'shared',NULL,NULL,0,NULL,0,0,'inactive','all','2025-11-09 14:13:27.000','2025-11-18 08:57:33.761','[{\"nameEn\": \"Handle/Button 432C Others: 5C\", \"nameZh\": \"手柄/按钮432C 其他全部:5C\"}, {\"nameEn\": \"All 5C Cool Gray\", \"nameZh\": \"全部5C冷灰\"}, {\"nameEn\": \"All 12C Cool Gray\", \"nameZh\": \"全部12C冷灰\"}]'),('37d2704e-d537-49a1-9eee-a64ee53d72b8','MB001','清洁抹布','Cleaning Cloth','40607c82-bfc2-11f0-8ae9-00163e441c7f','MB',NULL,NULL,NULL,'shared',NULL,NULL,0,NULL,0,0,'inactive','all','2025-11-09 14:13:27.000','2025-11-09 14:13:27.000','[{\"nameEn\": \"Triangle Link 571C Others: 432C\", \"nameZh\": \"三角链接571C 其他全部:432C\"}, {\"nameEn\": \"Handle/Button 432C Others: 5C\", \"nameZh\": \"手柄/按钮432C 其他全部:5C\"}, {\"nameEn\": \"Handle/Button 571C Others: 12C\", \"nameZh\": \"手柄/按钮571C 其他全部:12C\"}, {\"nameEn\": \"All 432C Deep Blue\", \"nameZh\": \"全部432C深蓝\"}]'),('41f014e5-939e-4515-982b-d91c6d86d9c4','QC001','汽车清洁套装','Car Cleaning Kit','406077aa-bfc2-11f0-8ae9-00163e441c7f','QC',NULL,NULL,NULL,'shared',NULL,NULL,0,NULL,0,0,'inactive','all','2025-11-09 14:13:27.000','2025-11-09 14:13:27.000','[{\"nameEn\": \"All 5C Cool Gray\", \"nameZh\": \"全部5C冷灰\"}, {\"nameEn\": \"All 12C Cool Gray\", \"nameZh\": \"全部12C冷灰\"}, {\"nameEn\": \"Handle/Button 432C Others: 5C\", \"nameZh\": \"手柄/按钮432C 其他全部:5C\"}]'),('56436936-7dde-4046-aa8f-c379c9f94106','B001','拖把头','Mop Head','9105bfe8-7b1c-4e14-bf13-1f503cd98dfd','B',NULL,NULL,NULL,'shared',NULL,NULL,0,NULL,0,0,'inactive','all','2025-11-09 14:13:26.000','2025-11-09 14:13:26.000','[{\"nameEn\": \"Triangle Link 571C Others: 432C\", \"nameZh\": \"三角链接571C 其他全部:432C\"}, {\"nameEn\": \"Handle/Button 432C Others: 5C\", \"nameZh\": \"手柄/按钮432C 其他全部:5C\"}, {\"nameEn\": \"Handle/Button 571C Others: 12C\", \"nameZh\": \"手柄/按钮571C 其他全部:12C\"}, {\"nameEn\": \"All 432C Deep Blue\", \"nameZh\": \"全部432C深蓝\"}, {\"nameEn\": \"All 12C Cool Gray\", \"nameZh\": \"全部12C冷灰\"}]'),('7ed08055-1726-43e0-a4b7-cb049a63109d','CG001','玻璃刮','Window Squeegee','2c966856-157f-4aad-84c0-fc302b6376b8','CG',NULL,NULL,NULL,'shared',NULL,NULL,0,NULL,0,0,'inactive','all','2025-11-09 14:13:27.000','2025-11-09 14:13:27.000','[{\"nameEn\": \"All 5C Cool Gray\", \"nameZh\": \"全部5C冷灰\"}, {\"nameEn\": \"All 12C Cool Gray\", \"nameZh\": \"全部12C冷灰\"}, {\"nameEn\": \"Triangle Link 571C Others: 432C\", \"nameZh\": \"三角链接571C 其他全部:432C\"}]'),('7f72791b-6100-4ed7-87a0-5ff76d2d36e4','MP001','多功能清洁套装','Multi-Purpose Cleaning Set',NULL,'MP',NULL,NULL,NULL,'shared',NULL,NULL,0,NULL,0,0,'inactive','all','2025-11-09 14:13:26.000','2025-11-09 14:13:26.000','[{\"nameEn\": \"Handle/Button 571C Others: 12C\", \"nameZh\": \"手柄/按钮571C 其他全部:12C\"}, {\"nameEn\": \"All 432C Deep Blue\", \"nameZh\": \"全部432C深蓝\"}, {\"nameEn\": \"All 12C Cool Gray\", \"nameZh\": \"全部12C冷灰\"}, {\"nameEn\": \"Triangle Link 571C Others: 432C\", \"nameZh\": \"三角链接571C 其他全部:432C\"}, {\"nameEn\": \"All 5C Cool Gray\", \"nameZh\": \"全部5C冷灰\"}]'),('93f95519-f371-4744-9ee4-c242f1597bfd','TB001','旋转拖把','Spin Mop','661afc9e-30a0-4f5f-9e8b-24552ae6cb01','TB',NULL,NULL,NULL,'shared',NULL,NULL,0,NULL,0,0,'inactive','all','2025-11-09 14:13:26.000','2025-11-09 14:13:26.000','[{\"nameEn\": \"Triangle Link 571C Others: 432C\", \"nameZh\": \"三角链接571C 其他全部:432C\"}, {\"nameEn\": \"Handle/Button 432C Others: 5C\", \"nameZh\": \"手柄/按钮432C 其他全部:5C\"}, {\"nameEn\": \"Handle/Button 571C Others: 12C\", \"nameZh\": \"手柄/按钮571C 其他全部:12C\"}]'),('9ab734d1-3bc7-478a-b5b3-0fa085402013','CW001','宠物清洁工具','Pet Cleaning Tool','406079c1-bfc2-11f0-8ae9-00163e441c7f','CW',NULL,NULL,NULL,'shared',NULL,NULL,0,NULL,0,0,'inactive','all','2025-11-09 14:13:27.000','2025-11-09 14:13:27.000','[{\"nameEn\": \"Triangle Link 571C Others: 432C\", \"nameZh\": \"三角链接571C 其他全部:432C\"}, {\"nameEn\": \"Handle/Button 432C Others: 5C\", \"nameZh\": \"手柄/按钮432C 其他全部:5C\"}, {\"nameEn\": \"Handle/Button 571C Others: 12C\", \"nameZh\": \"手柄/按钮571C 其他全部:12C\"}, {\"nameEn\": \"All 432C Deep Blue\", \"nameZh\": \"全部432C深蓝\"}]'),('a6798391-a680-48ea-baf0-7d3a939e06f9','T001','伸缩杆','Telescopic Pole','406071db-bfc2-11f0-8ae9-00163e441c7f','T',NULL,NULL,NULL,'shared',NULL,NULL,0,NULL,0,0,'inactive','all','2025-11-09 14:13:26.000','2025-11-09 14:13:26.000','[{\"nameEn\": \"All 12C Cool Gray\", \"nameZh\": \"全部12C冷灰\"}, {\"nameEn\": \"All 5C Cool Gray\", \"nameZh\": \"全部5C冷灰\"}, {\"nameEn\": \"All 432C Deep Blue\", \"nameZh\": \"全部432C深蓝\"}, {\"nameEn\": \"Triangle Link 571C Others: 432C\", \"nameZh\": \"三角链接571C 其他全部:432C\"}]'),('ad28311d-cf79-4e1d-aeb2-735c7bb0d141','CD001','除尘掸','Duster','4c882d5f-89eb-412e-acba-a48707b9d0b4','CD',NULL,NULL,NULL,'shared',NULL,NULL,0,NULL,0,0,'inactive','all','2025-11-09 14:13:27.000','2025-11-09 14:13:27.000','[{\"nameEn\": \"Handle/Button 571C Others: 12C\", \"nameZh\": \"手柄/按钮571C 其他全部:12C\"}, {\"nameEn\": \"All 5C Cool Gray\", \"nameZh\": \"全部5C冷灰\"}, {\"nameEn\": \"All 12C Cool Gray\", \"nameZh\": \"全部12C冷灰\"}, {\"nameEn\": \"All 432C Deep Blue\", \"nameZh\": \"全部432C深蓝\"}, {\"nameEn\": \"Triangle Link 571C Others: 432C\", \"nameZh\": \"三角链接571C 其他全部:432C\"}]');
/*!40000 ALTER TABLE `product_groups` ENABLE KEYS */;
UNLOCK TABLES;

--
-- Dumping data for table `product_skus`
--

LOCK TABLES `product_skus` WRITE;
/*!40000 ALTER TABLE `product_skus` DISABLE KEYS */;
INSERT INTO `product_skus` VALUES ('0cf8f7bc-8574-49e4-86b2-ccdc71a25ca7','9ab734d1-3bc7-478a-b5b3-0fa085402013','C04.01.0024','宠物清洁工具-豪华款','Pet Cleaning Tool - 宠物清洁工具-豪华款',NULL,NULL,'A:加厚海绵层15mm\nB:不锈钢挤压器\nC:双面清洁刷头\nD:雪尼尔拖把头42×12cm/75g','[{\"code\": \"A\", \"name\": \"布料\", \"spec\": \"家用型/Household Typed\", \"parts\": [\"梳头\"], \"nameEn\": \"Fabric\"}, {\"code\": \"B\", \"name\": \"掸头\", \"spec\": \"商用型/Commercial Type\", \"parts\": [\"手柄\"], \"nameEn\": \"Duster Head\"}, {\"code\": \"C\", \"name\": \"底座\", \"spec\": \"商用型/Commercial Type\", \"parts\": [\"收纳盒\"], \"nameEn\": \"Base\"}]','[{\"colorSchemes\": [{\"id\": \"scheme-1762697607336-0\", \"name\": \"配色方案1\", \"colors\": [{\"part\": \"布料/Fabric\", \"color\": \"棕色/Brown\", \"partEn\": \"Fabric\", \"hexColor\": \"#A52A2A\"}, {\"part\": \"布料2/Fabric 2\", \"color\": \"浅灰/Light Gray\", \"partEn\": \"Fabric 2\", \"hexColor\": \"#D3D3D3\"}]}], \"componentCode\": \"A\"}, {\"colorSchemes\": [{\"id\": \"scheme-1762697607336-0\", \"name\": \"配色方案1\", \"colors\": [{\"part\": \"掸头/Duster Head\", \"color\": \"红色/Red\", \"partEn\": \"Duster Head\", \"hexColor\": \"#FF0000\"}]}], \"componentCode\": \"B\"}, {\"colorSchemes\": [{\"id\": \"scheme-1762697607336-0\", \"name\": \"配色方案1\", \"colors\": [{\"part\": \"底座/Base\", \"color\": \"白色/White\", \"partEn\": \"Base\", \"hexColor\": \"#FFFFFF\"}]}], \"componentCode\": \"C\"}]',115.000000000000000000000000000000,'[\"/uploads/images/image_coll4_1762948015805_2b6aqd.png\", \"/uploads/images/image_coll4_1762937565112_50o0xc.png\", \"/uploads/images/image_unnamed__1__1762948313354_3g4w33.png\", \"/uploads/images/image_unnamed__4__1762948024006_n310xo.png\"]','null',1,NULL,'active','2025-11-09 14:13:27.000','2025-11-15 17:04:16.047',NULL,'Pet Cleaning Tool - Deluxe','A:Thickened Sponge Layer 15mm\nB:Stainless Steel Squeezer\nC:Double-sided Cleaning Brush Head\nD:Chenille Mop Head 42×12cm/75g'),('12649b92-0814-47f5-ac7a-610c7fdefc37','41f014e5-939e-4515-982b-d91c6d86d9c4','C04.01.0021','汽车清洁套装-豪华款','Car Cleaning Kit - 汽车清洁套装-豪华款',NULL,NULL,'A:双面清洁刷头','[{\"code\": \"A\", \"name\": \"布料\", \"spec\": \"家用型/Household Typed\", \"parts\": [\"刷头\"], \"nameEn\": \"Fabric\"}, {\"code\": \"B\", \"name\": \"掸头\", \"spec\": \"商用型/Commercial Type\", \"parts\": [\"海绵\"], \"nameEn\": \"Duster Head\"}, {\"code\": \"C\", \"name\": \"底座\", \"spec\": \"商用型/Commercial Type\", \"parts\": [\"抹布\"], \"nameEn\": \"Base\"}, {\"code\": \"D\", \"name\": \"杆件\", \"spec\": \"经济型/Economy Type\", \"parts\": [\"喷壶\", \"喷壶2\"], \"nameEn\": \"Rod\"}]','[{\"colorSchemes\": [{\"id\": \"scheme-1762697607270-0\", \"name\": \"配色方案1\", \"colors\": [{\"part\": \"布料/Fabric\", \"color\": \"黑色/Black\", \"partEn\": \"布料/Fabric\", \"hexColor\": \"#000000\"}, {\"part\": \"布料2/Fabric 2\", \"color\": \"浅灰/Light Gray\", \"partEn\": \"布料2/Fabric 2\", \"hexColor\": \"#D3D3D3\"}]}, {\"id\": \"scheme-1762697607270-1\", \"name\": \"配色方案2\", \"colors\": [{\"part\": \"布料/Fabric\", \"color\": \"灰色/Gray\", \"partEn\": \"布料/Fabric\", \"hexColor\": \"#808080\"}, {\"part\": \"布料2/Fabric 2\", \"color\": \"浅灰/Light Gray\", \"partEn\": \"布料2/Fabric 2\", \"hexColor\": \"#D3D3D3\"}]}, {\"id\": \"scheme-1762697607270-2\", \"name\": \"配色方案3\", \"colors\": [{\"part\": \"布料/Fabric\", \"color\": \"深灰/Dark Gray\", \"partEn\": \"布料/Fabric\", \"hexColor\": \"#404040\"}, {\"part\": \"布料2/Fabric 2\", \"color\": \"浅灰/Light Gray\", \"partEn\": \"布料2/Fabric 2\", \"hexColor\": \"#D3D3D3\"}]}], \"componentCode\": \"A\"}, {\"colorSchemes\": [{\"id\": \"scheme-1762697607270-0\", \"name\": \"配色方案1\", \"colors\": [{\"part\": \"掸头/Duster Head\", \"color\": \"绿色/Green\", \"partEn\": \"掸头/Duster Head\", \"hexColor\": \"#00FF00\"}]}, {\"id\": \"scheme-1762697607270-1\", \"name\": \"配色方案2\", \"colors\": [{\"part\": \"掸头/Duster Head\", \"color\": \"天蓝/Custom Color\", \"partEn\": \"掸头/Duster Head\", \"hexColor\": \"#87CEEB\"}]}, {\"id\": \"scheme-1762697607270-2\", \"name\": \"配色方案3\", \"colors\": [{\"part\": \"掸头/Duster Head\", \"color\": \"浅灰/Light Gray\", \"partEn\": \"掸头/Duster Head\", \"hexColor\": \"#D3D3D3\"}]}], \"componentCode\": \"B\"}, {\"colorSchemes\": [{\"id\": \"scheme-1762697607270-0\", \"name\": \"配色方案1\", \"colors\": [{\"part\": \"底座/Base\", \"color\": \"紫色/Purple\", \"partEn\": \"底座/Base\", \"hexColor\": \"#800080\"}]}, {\"id\": \"scheme-1762697607270-1\", \"name\": \"配色方案2\", \"colors\": [{\"part\": \"底座/Base\", \"color\": \"草绿/Custom Color\", \"partEn\": \"底座/Base\", \"hexColor\": \"#7CFC00\"}]}, {\"id\": \"scheme-1762697607270-2\", \"name\": \"配色方案3\", \"colors\": [{\"part\": \"底座/Base\", \"color\": \"灰色/Gray\", \"partEn\": \"底座/Base\", \"hexColor\": \"#808080\"}]}], \"componentCode\": \"C\"}, {\"colorSchemes\": [{\"id\": \"scheme-1762697607270-0\", \"name\": \"配色方案1\", \"colors\": [{\"part\": \"杆件/Rod\", \"color\": \"天蓝/Custom Color\", \"partEn\": \"杆件/Rod\", \"hexColor\": \"#87CEEB\"}]}, {\"id\": \"scheme-1762697607270-1\", \"name\": \"配色方案2\", \"colors\": [{\"part\": \"杆件/Rod\", \"color\": \"粉色/Pink\", \"partEn\": \"杆件/Rod\", \"hexColor\": \"#FFC0CB\"}]}, {\"id\": \"scheme-1762697607270-2\", \"name\": \"配色方案3\", \"colors\": [{\"part\": \"杆件/Rod\", \"color\": \"草绿/Custom Color\", \"partEn\": \"杆件/Rod\", \"hexColor\": \"#7CFC00\"}]}], \"componentCode\": \"D\"}]',125.000000000000000000000000000000,'[\"/uploads/images/image_coll4_1762940227961_pi5i5m.png\", \"/uploads/images/image_coll3_1762948283658_od926o.png\"]','null',1,NULL,'active','2025-11-09 14:13:27.000','2025-11-15 21:10:44.822',NULL,'Car Cleaning Set - Deluxe','A:Double-sided Cleaning Brush Head'),('148e154a-344d-431a-9df4-7732da6bcbd7','56436936-7dde-4046-aa8f-c379c9f94106','C04.01.0009','拖把头-标准款','Mop Head - 拖把头-标准款',NULL,NULL,'A:底板39×9/125g\nB:360°旋转接头','[{\"code\": \"A\", \"name\": \"布料\", \"spec\": \"家用型/Household Type\", \"parts\": [\"纤维布\", \"纤维布2\"], \"nameEn\": \"Fabric\"}, {\"code\": \"B\", \"name\": \"掸头\", \"spec\": \"商用型/Commercial Type\", \"parts\": [\"底座\"], \"nameEn\": \"Duster Head\"}]','[{\"colorSchemes\": [{\"id\": \"scheme-1762697606988-0\", \"name\": \"配色方案1\", \"colors\": [{\"part\": \"布料\", \"color\": \"橙色/Orange\", \"hexColor\": \"#FFA500\"}, {\"part\": \"布料2\", \"color\": \"天蓝/Custom Color\", \"hexColor\": \"#87CEEB\"}]}, {\"id\": \"scheme-1762697606988-1\", \"name\": \"配色方案2\", \"colors\": [{\"part\": \"布料\", \"color\": \"白色/White\", \"hexColor\": \"#FFFFFF\"}, {\"part\": \"布料2\", \"color\": \"草绿/Custom Color\", \"hexColor\": \"#7CFC00\"}]}], \"componentCode\": \"A\"}, {\"colorSchemes\": [{\"id\": \"scheme-1762697606988-0\", \"name\": \"配色方案1\", \"colors\": [{\"part\": \"掸头\", \"color\": \"银色/Silver\", \"hexColor\": \"#C0C0C0\"}]}, {\"id\": \"scheme-1762697606988-1\", \"name\": \"配色方案2\", \"colors\": [{\"part\": \"掸头\", \"color\": \"玫红/Custom Color\", \"hexColor\": \"#FF1493\"}]}], \"componentCode\": \"B\"}]',84.000000000000000000000000000000,'[\"/uploads/images/image_unnamed__2__1762948113651_ltwrgy.png\", \"/uploads/images/image_coll4_1762948283706_9of5ge.png\", \"/uploads/images/image_coll4_1762945014132_cwlsoj.png\", \"/uploads/images/image_unnamed__1__1762933151192_uqow9y.png\", \"/uploads/images/image_coll3_1762948283658_od926o.png\"]',NULL,1,NULL,'active','2025-11-09 14:13:27.000','2025-11-15 17:04:16.079',NULL,'Mop Head - Standard','A:Base Plate 39×9/125g\nB:360° Rotating Joint'),('2a1cbe7e-e604-4269-89b3-90644c7daa64','7f72791b-6100-4ed7-87a0-5ff76d2d36e4','C04.01.0001','多功能清洁套装-标准款','Multi-Purpose Cleaning Set - 多功能清洁套装-标准款',NULL,NULL,'A:加厚海绵层15mm\nB:四孔面板\nC:可拆卸水桶配件','[{\"code\": \"A\", \"name\": \"布料\", \"spec\": \"家用型/Household Typed\", \"parts\": [\"伸缩杆\"], \"nameEn\": \"Fabric\"}, {\"code\": \"B\", \"name\": \"掸头\", \"spec\": \"商用型/Commercial Type\", \"parts\": [\"拖把头\"], \"nameEn\": \"Duster Head\"}, {\"code\": \"C\", \"name\": \"底座\", \"spec\": \"商用型/Commercial Type\", \"parts\": [\"刷头\"], \"nameEn\": \"Base\"}, {\"code\": \"D\", \"name\": \"杆件\", \"spec\": \"经济型/Economy Type\", \"parts\": [\"抹布\"], \"nameEn\": \"Rod\"}]','[{\"colorSchemes\": [{\"id\": \"scheme-1762697606794-0\", \"name\": \"配色方案1\", \"colors\": [{\"part\": \"布料/Fabric\", \"color\": \"深蓝/Custom Color\", \"partEn\": \"布料/Fabric\", \"hexColor\": \"#00008B\"}, {\"part\": \"布料2/Fabric 2\", \"color\": \"浅灰/Light Gray\", \"partEn\": \"布料2/Fabric 2\", \"hexColor\": \"#D3D3D3\"}]}, {\"id\": \"scheme-1762697606794-1\", \"name\": \"配色方案2\", \"colors\": [{\"part\": \"布料/Fabric\", \"color\": \"草绿/Custom Color\", \"partEn\": \"布料/Fabric\", \"hexColor\": \"#7CFC00\"}, {\"part\": \"布料2/Fabric 2\", \"color\": \"浅灰/Light Gray\", \"partEn\": \"布料2/Fabric 2\", \"hexColor\": \"#D3D3D3\"}]}, {\"id\": \"scheme-1762697606794-2\", \"name\": \"配色方案3\", \"colors\": [{\"part\": \"布料/Fabric\", \"color\": \"绿色/Green\", \"partEn\": \"布料/Fabric\", \"hexColor\": \"#00FF00\"}, {\"part\": \"布料2/Fabric 2\", \"color\": \"浅灰/Light Gray\", \"partEn\": \"布料2/Fabric 2\", \"hexColor\": \"#D3D3D3\"}]}], \"componentCode\": \"A\"}, {\"colorSchemes\": [{\"id\": \"scheme-1762697606794-0\", \"name\": \"配色方案1\", \"colors\": [{\"part\": \"掸头/Duster Head\", \"color\": \"浅灰/Light Gray\", \"partEn\": \"掸头/Duster Head\", \"hexColor\": \"#D3D3D3\"}]}, {\"id\": \"scheme-1762697606794-1\", \"name\": \"配色方案2\", \"colors\": [{\"part\": \"掸头/Duster Head\", \"color\": \"草绿/Custom Color\", \"partEn\": \"掸头/Duster Head\", \"hexColor\": \"#7CFC00\"}]}, {\"id\": \"scheme-1762697606794-2\", \"name\": \"配色方案3\", \"colors\": [{\"part\": \"掸头/Duster Head\", \"color\": \"白色/White\", \"partEn\": \"掸头/Duster Head\", \"hexColor\": \"#FFFFFF\"}]}], \"componentCode\": \"B\"}, {\"colorSchemes\": [{\"id\": \"scheme-1762697606794-0\", \"name\": \"配色方案1\", \"colors\": [{\"part\": \"底座/Base\", \"color\": \"草绿/Custom Color\", \"partEn\": \"底座/Base\", \"hexColor\": \"#7CFC00\"}]}, {\"id\": \"scheme-1762697606794-1\", \"name\": \"配色方案2\", \"colors\": [{\"part\": \"底座/Base\", \"color\": \"玫红/Custom Color\", \"partEn\": \"底座/Base\", \"hexColor\": \"#FF1493\"}]}, {\"id\": \"scheme-1762697606794-2\", \"name\": \"配色方案3\", \"colors\": [{\"part\": \"底座/Base\", \"color\": \"绿色/Green\", \"partEn\": \"底座/Base\", \"hexColor\": \"#00FF00\"}]}], \"componentCode\": \"C\"}, {\"colorSchemes\": [{\"id\": \"scheme-1762697606794-0\", \"name\": \"配色方案1\", \"colors\": [{\"part\": \"杆件/Rod\", \"color\": \"草绿/Custom Color\", \"partEn\": \"杆件/Rod\", \"hexColor\": \"#7CFC00\"}]}, {\"id\": \"scheme-1762697606794-1\", \"name\": \"配色方案2\", \"colors\": [{\"part\": \"杆件/Rod\", \"color\": \"橙色/Orange\", \"partEn\": \"杆件/Rod\", \"hexColor\": \"#FFA500\"}]}, {\"id\": \"scheme-1762697606794-2\", \"name\": \"配色方案3\", \"colors\": [{\"part\": \"杆件/Rod\", \"color\": \"天蓝/Custom Color\", \"partEn\": \"杆件/Rod\", \"hexColor\": \"#87CEEB\"}]}], \"componentCode\": \"D\"}]',89.000000000000000000000000000000,'[\"/uploads/images/image_unnamed__1__1762936230753_sh6m4c.png\", \"/uploads/images/image_unnamed__1__1762948313354_3g4w33.png\", \"/uploads/images/image_unnamed__3__1762948313450_lpo1vl.png\", \"/uploads/images/image_coll4_1762941897962_ybef1z.png\"]','{\"url\": \"/uploads/videos/video_test_1762952047425_uf7t46.mp4\", \"type\": \"video/mp4\"}',1,NULL,'active','2025-11-09 14:13:26.000','2025-11-15 17:04:16.090',NULL,'Multi - Function Cleaning Set - Standard','A:Thickened Sponge Layer 15mm\nB:Four-Hole Panel\nC:Detachable Bucket Accessory'),('2c700218-9e1f-4ee0-b69b-92707f9e6d81','41f014e5-939e-4515-982b-d91c6d86d9c4','C04.01.0022','汽车清洁套装-高级款','Car Cleaning Kit - 汽车清洁套装-高级款',NULL,NULL,'A:360°旋转接头\nB:可拆卸水桶配件','[{\"code\": \"A\", \"name\": \"布料\", \"spec\": \"家用型/Household Typed\", \"parts\": [\"刷头\"], \"nameEn\": \"Fabric\"}, {\"code\": \"B\", \"name\": \"掸头\", \"spec\": \"商用型/Commercial Type\", \"parts\": [\"海绵\"], \"nameEn\": \"Duster Head\"}, {\"code\": \"C\", \"name\": \"底座\", \"spec\": \"商用型/Commercial Type\", \"parts\": [\"抹布\"], \"nameEn\": \"Base\"}, {\"code\": \"D\", \"name\": \"杆件\", \"spec\": \"经济型/Economy Type\", \"parts\": [\"喷壶\", \"喷壶2\"], \"nameEn\": \"Rod\"}]','[{\"colorSchemes\": [{\"id\": \"scheme-1762697607288-0\", \"name\": \"配色方案1\", \"colors\": [{\"part\": \"布料/Fabric\", \"color\": \"深灰/Dark Gray\", \"partEn\": \"Fabric\", \"hexColor\": \"#404040\"}, {\"part\": \"布料2/Fabric 2\", \"color\": \"浅灰/Light Gray\", \"partEn\": \"Fabric 2\", \"hexColor\": \"#D3D3D3\"}]}, {\"id\": \"scheme-1762697607288-1\", \"name\": \"配色方案2\", \"colors\": [{\"part\": \"布料/Fabric\", \"color\": \"米色/Beige\", \"partEn\": \"Fabric\", \"hexColor\": \"#F5F5DC\"}, {\"part\": \"布料2/Fabric 2\", \"color\": \"浅灰/Light Gray\", \"partEn\": \"Fabric 2\", \"hexColor\": \"#D3D3D3\"}]}, {\"id\": \"scheme-1762697607288-2\", \"name\": \"配色方案3\", \"colors\": [{\"part\": \"布料/Fabric\", \"color\": \"红色/Red\", \"partEn\": \"Fabric\", \"hexColor\": \"#FF0000\"}, {\"part\": \"布料2/Fabric 2\", \"color\": \"浅灰/Light Gray\", \"partEn\": \"Fabric 2\", \"hexColor\": \"#D3D3D3\"}]}], \"componentCode\": \"A\"}, {\"colorSchemes\": [{\"id\": \"scheme-1762697607288-0\", \"name\": \"配色方案1\", \"colors\": [{\"part\": \"掸头/Duster Head\", \"color\": \"深蓝/Custom Color\", \"partEn\": \"Duster Head\", \"hexColor\": \"#00008B\"}]}, {\"id\": \"scheme-1762697607288-1\", \"name\": \"配色方案2\", \"colors\": [{\"part\": \"掸头/Duster Head\", \"color\": \"米色/Beige\", \"partEn\": \"Duster Head\", \"hexColor\": \"#F5F5DC\"}]}, {\"id\": \"scheme-1762697607288-2\", \"name\": \"配色方案3\", \"colors\": [{\"part\": \"掸头/Duster Head\", \"color\": \"紫色/Purple\", \"partEn\": \"Duster Head\", \"hexColor\": \"#800080\"}]}], \"componentCode\": \"B\"}, {\"colorSchemes\": [{\"id\": \"scheme-1762697607288-0\", \"name\": \"配色方案1\", \"colors\": [{\"part\": \"底座/Base\", \"color\": \"红色/Red\", \"partEn\": \"Base\", \"hexColor\": \"#FF0000\"}]}, {\"id\": \"scheme-1762697607288-1\", \"name\": \"配色方案2\", \"colors\": [{\"part\": \"底座/Base\", \"color\": \"黄色/Yellow\", \"partEn\": \"Base\", \"hexColor\": \"#FFFF00\"}]}, {\"id\": \"scheme-1762697607288-2\", \"name\": \"配色方案3\", \"colors\": [{\"part\": \"底座/Base\", \"color\": \"深蓝/Custom Color\", \"partEn\": \"Base\", \"hexColor\": \"#00008B\"}]}], \"componentCode\": \"C\"}, {\"colorSchemes\": [{\"id\": \"scheme-1762697607288-0\", \"name\": \"配色方案1\", \"colors\": [{\"part\": \"杆件/Rod\", \"color\": \"金色/Gold\", \"partEn\": \"Rod\", \"hexColor\": \"#FFD700\"}]}, {\"id\": \"scheme-1762697607288-1\", \"name\": \"配色方案2\", \"colors\": [{\"part\": \"杆件/Rod\", \"color\": \"紫色/Purple\", \"partEn\": \"Rod\", \"hexColor\": \"#800080\"}]}, {\"id\": \"scheme-1762697607288-2\", \"name\": \"配色方案3\", \"colors\": [{\"part\": \"杆件/Rod\", \"color\": \"深灰/Dark Gray\", \"partEn\": \"Rod\", \"hexColor\": \"#404040\"}]}], \"componentCode\": \"D\"}]',147.000000000000000000000000000000,'[\"/uploads/images/image_unnamed__2__1762948113651_ltwrgy.png\", \"/uploads/images/image_unnamed__5__1762948318762_ddxx2h.png\", \"/uploads/images/image_coll3_1762948283658_od926o.png\"]','null',1,NULL,'active','2025-11-09 14:13:27.000','2025-11-15 21:09:56.862',NULL,'Car Cleaning Set - Premium','A:360° Rotating Joint\nB:Detachable Bucket Accessory'),('2f49682d-85f4-43bd-b23f-ebaf4e7e2d54','ad28311d-cf79-4e1d-aeb2-735c7bb0d141','C04.01.0016','除尘掸-豪华款','Duster - 除尘掸-豪华款',NULL,NULL,'A:360°旋转接头\nB:四孔面板\nC:加厚海绵层15mm','[{\"code\": \"A\", \"name\": \"布料\", \"spec\": \"家用型/Household Typed\", \"parts\": [\"掸头\"], \"nameEn\": \"Fabric\"}, {\"code\": \"B\", \"name\": \"掸头\", \"spec\": \"商用型/Commercial Type\", \"parts\": [\"杆件\"], \"nameEn\": \"Duster Head\"}]','[{\"colorSchemes\": [{\"id\": \"scheme-1762697607143-0\", \"name\": \"配色方案1\", \"colors\": [{\"part\": \"布料/Fabric\", \"color\": \"绿色/Green\", \"partEn\": \"Fabric\", \"hexColor\": \"#00FF00\"}, {\"part\": \"布料2/Fabric 2\", \"color\": \"浅灰/Light Gray\", \"partEn\": \"Fabric 2\", \"hexColor\": \"#D3D3D3\"}]}], \"componentCode\": \"A\"}, {\"colorSchemes\": [{\"id\": \"scheme-1762697607143-0\", \"name\": \"配色方案1\", \"colors\": [{\"part\": \"掸头/Duster Head\", \"color\": \"玫红/Custom Color\", \"partEn\": \"Duster Head\", \"hexColor\": \"#FF1493\"}]}], \"componentCode\": \"B\"}]',115.000000000000000000000000000000,'[\"/uploads/images/image_coll4_1762945014132_cwlsoj.png\", \"/uploads/images/image_coll3_1762948283658_od926o.png\", \"/uploads/images/image_coll4_1762946034879_58be6g.png\", \"/uploads/images/image_coll2_1762948283609_kevbjk.png\"]','null',1,NULL,'active','2025-11-09 14:13:27.000','2025-11-15 17:04:16.117',NULL,'Dust Duster - Deluxe','A:360° Rotating Joint\nB:Four-Hole Panel\nC:Thickened Sponge Layer 15mm'),('3494c8eb-bb99-4ff1-9553-16dd28d1ee20','93f95519-f371-4744-9ee4-c242f1597bfd','C04.01.0004','旋转拖把-标准款','Spin Mop - 旋转拖把-标准款',NULL,NULL,'A:底板39×9/125g\nB:双面清洁刷头\nC:可拆卸水桶配件','[{\"code\": \"A\", \"name\": \"布料\", \"spec\": \"家用型/Household Typed\", \"parts\": [\"杆件\"], \"nameEn\": \"Fabric\"}, {\"code\": \"B\", \"name\": \"掸头\", \"spec\": \"商用型/Commercial Type\", \"parts\": [\"拖把头\"], \"nameEn\": \"Duster Head\"}, {\"code\": \"C\", \"name\": \"底座\", \"spec\": \"商用型/Commercial Type\", \"parts\": [\"桶体\"], \"nameEn\": \"Base\"}]','[{\"colorSchemes\": [{\"id\": \"scheme-1762697606867-0\", \"name\": \"配色方案1\", \"colors\": [{\"part\": \"布料/Fabric\", \"color\": \"天蓝/Custom Color\", \"partEn\": \"Fabric\", \"hexColor\": \"#87CEEB\"}, {\"part\": \"布料2/Fabric 2\", \"color\": \"浅灰/Light Gray\", \"partEn\": \"Fabric 2\", \"hexColor\": \"#D3D3D3\"}]}, {\"id\": \"scheme-1762697606867-1\", \"name\": \"配色方案2\", \"colors\": [{\"part\": \"布料/Fabric\", \"color\": \"灰色/Gray\", \"partEn\": \"Fabric\", \"hexColor\": \"#808080\"}, {\"part\": \"布料2/Fabric 2\", \"color\": \"浅灰/Light Gray\", \"partEn\": \"Fabric 2\", \"hexColor\": \"#D3D3D3\"}]}, {\"id\": \"scheme-1762697606867-2\", \"name\": \"配色方案3\", \"colors\": [{\"part\": \"布料/Fabric\", \"color\": \"黑色/Black\", \"partEn\": \"Fabric\", \"hexColor\": \"#000000\"}, {\"part\": \"布料2/Fabric 2\", \"color\": \"浅灰/Light Gray\", \"partEn\": \"Fabric 2\", \"hexColor\": \"#D3D3D3\"}]}], \"componentCode\": \"A\"}, {\"colorSchemes\": [{\"id\": \"scheme-1762697606867-0\", \"name\": \"配色方案1\", \"colors\": [{\"part\": \"掸头/Duster Head\", \"color\": \"黑色/Black\", \"partEn\": \"Duster Head\", \"hexColor\": \"#000000\"}]}, {\"id\": \"scheme-1762697606867-1\", \"name\": \"配色方案2\", \"colors\": [{\"part\": \"掸头/Duster Head\", \"color\": \"金色/Gold\", \"partEn\": \"Duster Head\", \"hexColor\": \"#FFD700\"}]}, {\"id\": \"scheme-1762697606867-2\", \"name\": \"配色方案3\", \"colors\": [{\"part\": \"掸头/Duster Head\", \"color\": \"深蓝/Custom Color\", \"partEn\": \"Duster Head\", \"hexColor\": \"#00008B\"}]}], \"componentCode\": \"B\"}, {\"colorSchemes\": [{\"id\": \"scheme-1762697606867-0\", \"name\": \"配色方案1\", \"colors\": [{\"part\": \"底座/Base\", \"color\": \"玫红/Custom Color\", \"partEn\": \"Base\", \"hexColor\": \"#FF1493\"}]}, {\"id\": \"scheme-1762697606867-1\", \"name\": \"配色方案2\", \"colors\": [{\"part\": \"底座/Base\", \"color\": \"深蓝/Custom Color\", \"partEn\": \"Base\", \"hexColor\": \"#00008B\"}]}, {\"id\": \"scheme-1762697606867-2\", \"name\": \"配色方案3\", \"colors\": [{\"part\": \"底座/Base\", \"color\": \"玫红/Custom Color\", \"partEn\": \"Base\", \"hexColor\": \"#FF1493\"}]}], \"componentCode\": \"C\"}]',96.000000000000000000000000000000,'[\"/uploads/images/image_unnamed__2__1762948313403_ggwltz.png\", \"/uploads/images/image_unnamed__3__1762948313450_lpo1vl.png\", \"/uploads/images/image_coll4_1762945014132_cwlsoj.png\", \"/uploads/images/image_coll4_1762948313275_tolfci.png\"]','null',1,NULL,'active','2025-11-09 14:13:26.000','2025-11-15 17:04:16.129',NULL,'Rotating Mop - Standard','A:Base Plate 39×9/125g\nB:Double-sided Cleaning Brush Head\nC:Detachable Bucket Accessory'),('45c0f277-d2eb-446a-963c-4443143a2d4c','37d2704e-d537-49a1-9eee-a64ee53d72b8','C04.01.0017','清洁抹布-标准款','Cleaning Cloth - 清洁抹布-标准款',NULL,NULL,'A:四孔面板\nB:可拆卸水桶配件\nC:360°旋转接头\nD:加厚海绵层15mm','[{\"code\": \"A\", \"name\": \"布料\", \"spec\": \"家用型/Household Typed\", \"parts\": [\"布料\", \"布料2\"], \"nameEn\": \"Fabric\"}]','[{\"colorSchemes\": [{\"id\": \"scheme-1762697607174-0\", \"name\": \"配色方案1\", \"colors\": [{\"part\": \"布料/Fabric\", \"color\": \"灰色/Gray\", \"partEn\": \"Fabric\", \"hexColor\": \"#808080\"}, {\"part\": \"布料2/Fabric 2\", \"color\": \"灰色/Gray\", \"partEn\": \"Fabric 2\", \"hexColor\": \"#808080\"}]}, {\"id\": \"scheme-1762697607174-1\", \"name\": \"配色方案2\", \"colors\": [{\"part\": \"布料/Fabric\", \"color\": \"天蓝/Custom Color\", \"partEn\": \"Fabric\", \"hexColor\": \"#87CEEB\"}, {\"part\": \"布料2/Fabric 2\", \"color\": \"玫红/Custom Color\", \"partEn\": \"Fabric 2\", \"hexColor\": \"#FF1493\"}]}, {\"id\": \"scheme-1762697607174-2\", \"name\": \"配色方案3\", \"colors\": [{\"part\": \"布料/Fabric\", \"color\": \"深蓝/Custom Color\", \"partEn\": \"Fabric\", \"hexColor\": \"#00008B\"}, {\"part\": \"布料2/Fabric 2\", \"color\": \"玫红/Custom Color\", \"partEn\": \"Fabric 2\", \"hexColor\": \"#FF1493\"}]}], \"componentCode\": \"A\"}]',84.000000000000000000000000000000,'[\"/uploads/images/image_coll2_1762946556121_p37f2j.png\", \"/uploads/images/image_unnamed__1__1762936230753_sh6m4c.png\", \"/uploads/images/image_unnamed__4__1762948024006_n310xo.png\"]','null',1,NULL,'active','2025-11-09 14:13:27.000','2025-11-15 17:03:36.148',NULL,'Cleaning Cloth - Standard','A:Four-Hole Panel\nB:Detachable Bucket Accessory\nC:360° Rotating Joint\nD:Thickened Sponge Layer 15mm'),('560643f6-f494-4233-95aa-76be5fa1b5d4','2407def2-0c16-4a77-ad13-c3694fa13d26','C04.01.0028','混合清洁工具-豪华款','Mixed Cleaning Tools - 混合清洁工具-豪华款',NULL,NULL,'A:全涤珊瑚绒布头','[{\"code\": \"A\", \"name\": \"布料\", \"spec\": \"家用型/Household Typed\", \"parts\": [\"工具头\", \"工具头2\"], \"nameEn\": \"Fabric\"}, {\"code\": \"B\", \"name\": \"掸头\", \"spec\": \"商用型/Commercial Type\", \"parts\": [\"连接杆\"], \"nameEn\": \"Duster Head\"}, {\"code\": \"C\", \"name\": \"底座\", \"spec\": \"商用型/Commercial Type\", \"parts\": [\"手柄\"], \"nameEn\": \"Base\"}]','[{\"colorSchemes\": [{\"id\": \"scheme-1762697607462-0\", \"name\": \"配色方案1\", \"colors\": [{\"part\": \"布料/Fabric\", \"color\": \"黑色/Black\", \"partEn\": \"Fabric\", \"hexColor\": \"#000000\"}, {\"part\": \"布料2/Fabric 2\", \"color\": \"灰色/Gray\", \"partEn\": \"Fabric 2\", \"hexColor\": \"#808080\"}]}], \"componentCode\": \"A\"}, {\"colorSchemes\": [{\"id\": \"scheme-1762697607462-0\", \"name\": \"配色方案1\", \"colors\": [{\"part\": \"掸头/Duster Head\", \"color\": \"红色/Red\", \"partEn\": \"Duster Head\", \"hexColor\": \"#FF0000\"}]}], \"componentCode\": \"B\"}, {\"colorSchemes\": [{\"id\": \"scheme-1762697607462-0\", \"name\": \"配色方案1\", \"colors\": [{\"part\": \"底座/Base\", \"color\": \"蓝色/Blue\", \"partEn\": \"Base\", \"hexColor\": \"#0000FF\"}]}], \"componentCode\": \"C\"}]',118.000000000000000000000000000000,'[\"/uploads/images/image_unnamed__1__1762946385903_nifamv.png\", \"/uploads/images/image_coll3_1762948283658_od926o.png\", \"/uploads/images/image_unnamed__2__1762948019212_it0tsc.png\", \"/uploads/images/image_coll4_1762937565112_50o0xc.png\"]','null',1,NULL,'active','2025-11-09 14:13:27.000','2025-11-15 17:03:36.158',NULL,'Mixed Cleaning Tool - Deluxe','A:Full Polyester Coral Fleece Head'),('5c293b9c-8a2b-41da-8a91-57a5ba1d3bd8','37d2704e-d537-49a1-9eee-a64ee53d72b8','C04.01.0018','清洁抹布-豪华款','Cleaning Cloth - 清洁抹布-豪华款',NULL,NULL,'A:底板39×9/125g\nB:可拆卸水桶配件\nC:防滑橡胶手柄','[{\"code\": \"A\", \"name\": \"布料\", \"spec\": \"家用型/Household Type\", \"parts\": [\"布料\", \"布料2\"]}]','[{\"colorSchemes\": [{\"id\": \"scheme-1762697607191-0\", \"name\": \"配色方案1\", \"colors\": [{\"part\": \"布料\", \"color\": \"草绿/Custom Color\", \"hexColor\": \"#7CFC00\"}, {\"part\": \"布料2\", \"color\": \"白色/White\", \"hexColor\": \"#FFFFFF\"}]}, {\"id\": \"scheme-1762697607191-1\", \"name\": \"配色方案2\", \"colors\": [{\"part\": \"布料\", \"color\": \"紫色/Purple\", \"hexColor\": \"#800080\"}, {\"part\": \"布料2\", \"color\": \"紫色/Purple\", \"hexColor\": \"#800080\"}]}, {\"id\": \"scheme-1762697607191-2\", \"name\": \"配色方案3\", \"colors\": [{\"part\": \"布料\", \"color\": \"深蓝/Custom Color\", \"hexColor\": \"#00008B\"}, {\"part\": \"布料2\", \"color\": \"黑色/Black\", \"hexColor\": \"#000000\"}]}], \"componentCode\": \"A\"}]',119.000000000000000000000000000000,'[\"/uploads/images/image________1762947951815_ei7al5.png\", \"/uploads/images/image_unnamed__4__1762948024006_n310xo.png\", \"/uploads/images/image_unnamed__1__1762937159263_lwpqzv.png\", \"/uploads/images/image_coll1_1762948032727_cvu58d.png\", \"/uploads/images/image_coll4_1762948283706_9of5ge.png\"]',NULL,1,NULL,'active','2025-11-09 14:13:27.000','2025-11-15 17:03:36.171',NULL,'Cleaning Cloth - Deluxe','A:Base Plate 39×9/125g\nB:Detachable Bucket Accessory\nC:Non-slip Rubber Handle'),('65ecd419-df15-4ad4-a49b-c332263f1588','7ed08055-1726-43e0-a4b7-cb049a63109d','C04.01.0013','玻璃刮-标准款','Window Squeegee - 玻璃刮-标准款',NULL,NULL,'A:360°旋转接头\nB:雪尼尔拖把头42×12cm/75g\nC:双面清洁刷头','[{\"code\": \"A\", \"name\": \"布料\", \"spec\": \"家用型/Household Typed\", \"parts\": [\"刮条\"], \"nameEn\": \"Fabric\"}, {\"code\": \"B\", \"name\": \"掸头\", \"spec\": \"商用型/Commercial Type\", \"parts\": [\"手柄\", \"手柄2\"], \"nameEn\": \"Duster Head\"}, {\"code\": \"C\", \"name\": \"底座\", \"spec\": \"商用型/Commercial Type\", \"parts\": [\"底座\"], \"nameEn\": \"Base\"}]','[{\"colorSchemes\": [{\"id\": \"scheme-1762697607081-0\", \"name\": \"配色方案1\", \"colors\": [{\"part\": \"布料/Fabric\", \"color\": \"红色/Red\", \"partEn\": \"Fabric\", \"hexColor\": \"#FF0000\"}, {\"part\": \"布料2/Fabric 2\", \"color\": \"浅灰/Light Gray\", \"partEn\": \"Fabric 2\", \"hexColor\": \"#D3D3D3\"}]}, {\"id\": \"scheme-1762697607081-1\", \"name\": \"配色方案2\", \"colors\": [{\"part\": \"布料/Fabric\", \"color\": \"深灰/Dark Gray\", \"partEn\": \"Fabric\", \"hexColor\": \"#404040\"}, {\"part\": \"布料2/Fabric 2\", \"color\": \"浅灰/Light Gray\", \"partEn\": \"Fabric 2\", \"hexColor\": \"#D3D3D3\"}]}, {\"id\": \"scheme-1762697607081-2\", \"name\": \"配色方案3\", \"colors\": [{\"part\": \"布料/Fabric\", \"color\": \"橙色/Orange\", \"partEn\": \"Fabric\", \"hexColor\": \"#FFA500\"}, {\"part\": \"布料2/Fabric 2\", \"color\": \"浅灰/Light Gray\", \"partEn\": \"Fabric 2\", \"hexColor\": \"#D3D3D3\"}]}], \"componentCode\": \"A\"}, {\"colorSchemes\": [{\"id\": \"scheme-1762697607081-0\", \"name\": \"配色方案1\", \"colors\": [{\"part\": \"掸头/Duster Head\", \"color\": \"黑色/Black\", \"partEn\": \"Duster Head\", \"hexColor\": \"#000000\"}]}, {\"id\": \"scheme-1762697607081-1\", \"name\": \"配色方案2\", \"colors\": [{\"part\": \"掸头/Duster Head\", \"color\": \"银色/Silver\", \"partEn\": \"Duster Head\", \"hexColor\": \"#C0C0C0\"}]}, {\"id\": \"scheme-1762697607081-2\", \"name\": \"配色方案3\", \"colors\": [{\"part\": \"掸头/Duster Head\", \"color\": \"橙色/Orange\", \"partEn\": \"Duster Head\", \"hexColor\": \"#FFA500\"}]}], \"componentCode\": \"B\"}, {\"colorSchemes\": [{\"id\": \"scheme-1762697607081-0\", \"name\": \"配色方案1\", \"colors\": [{\"part\": \"底座/Base\", \"color\": \"黄色/Yellow\", \"partEn\": \"Base\", \"hexColor\": \"#FFFF00\"}]}, {\"id\": \"scheme-1762697607081-1\", \"name\": \"配色方案2\", \"colors\": [{\"part\": \"底座/Base\", \"color\": \"紫色/Purple\", \"partEn\": \"Base\", \"hexColor\": \"#800080\"}]}, {\"id\": \"scheme-1762697607081-2\", \"name\": \"配色方案3\", \"colors\": [{\"part\": \"底座/Base\", \"color\": \"红色/Red\", \"partEn\": \"Base\", \"hexColor\": \"#FF0000\"}]}], \"componentCode\": \"C\"}]',92.000000000000000000000000000000,'[\"/uploads/images/image_coll4_1762937565112_50o0xc.png\", \"/uploads/images/image_unnamed__2__1762948113651_ltwrgy.png\", \"/uploads/images/image_coll4_1762948313275_tolfci.png\", \"/uploads/images/image_coll4_1762937241307_928qud.png\"]','null',1,NULL,'active','2025-11-09 14:13:27.000','2025-11-15 17:04:16.145',NULL,'Glass Scraper - Standard','A:360° Rotating Joint\nB:Chenille Mop Head 42×12cm/75g\nC:Double-sided Cleaning Brush Head'),('83facb37-399c-42ef-a8f2-d072c0bc93e7','9ab734d1-3bc7-478a-b5b3-0fa085402013','C04.01.0023','宠物清洁工具-标准款','Pet Cleaning Tool - 宠物清洁工具-标准款',NULL,NULL,'A:四孔面板\nB:可拆卸水桶配件\nC:双面清洁刷头','[{\"code\": \"A\", \"name\": \"布料\", \"spec\": \"家用型/Household Type\", \"parts\": [\"梳头\"], \"nameEn\": \"Fabric\"}, {\"code\": \"B\", \"name\": \"掸头\", \"spec\": \"商用型/Commercial Type\", \"parts\": [\"手柄\"], \"nameEn\": \"Duster Head\"}, {\"code\": \"C\", \"name\": \"底座\", \"spec\": \"商用型/Commercial Type\", \"parts\": [\"收纳盒\"], \"nameEn\": \"Base\"}]','[{\"colorSchemes\": [{\"id\": \"scheme-1762697607319-0\", \"name\": \"配色方案1\", \"colors\": [{\"part\": \"布料\", \"color\": \"红色/Red\", \"hexColor\": \"#FF0000\"}, {\"part\": \"布料2\", \"color\": \"浅灰/Light Gray\", \"hexColor\": \"#D3D3D3\"}]}], \"componentCode\": \"A\"}, {\"colorSchemes\": [{\"id\": \"scheme-1762697607319-0\", \"name\": \"配色方案1\", \"colors\": [{\"part\": \"掸头\", \"color\": \"金色/Gold\", \"hexColor\": \"#FFD700\"}]}], \"componentCode\": \"B\"}, {\"colorSchemes\": [{\"id\": \"scheme-1762697607319-0\", \"name\": \"配色方案1\", \"colors\": [{\"part\": \"底座\", \"color\": \"绿色/Green\", \"hexColor\": \"#00FF00\"}]}], \"componentCode\": \"C\"}]',89.000000000000000000000000000000,'[\"/uploads/images/image_unnamed__4__1762942015528_l79i7t.png\", \"/uploads/images/image_unnamed__1__1762936230753_sh6m4c.png\", \"/uploads/images/image________1762935850959_tqab4p.png\", \"/uploads/images/image_coll1_1762933265095_7gj9qy.png\", \"/uploads/images/image_coll4_1762940227961_pi5i5m.png\"]',NULL,1,NULL,'active','2025-11-09 14:13:27.000','2025-11-15 17:04:16.162',NULL,'Pet Cleaning Tool - Standard','A:Four-Hole Panel\nB:Detachable Bucket Accessory\nC:Double-sided Cleaning Brush Head'),('8905c29e-716d-4e4c-acbd-a885f63d850a','a6798391-a680-48ea-baf0-7d3a939e06f9','C04.01.0008','伸缩杆-豪华款','Telescopic Pole - 伸缩杆-豪华款',NULL,NULL,'A:超细纤维布头30×40cm/85g','[{\"code\": \"A\", \"name\": \"布料\", \"spec\": \"家用型/Household Type\", \"parts\": [\"杆身\", \"杆身2\"], \"nameEn\": \"Fabric\"}, {\"code\": \"B\", \"name\": \"掸头\", \"spec\": \"商用型/Commercial Type\", \"parts\": [\"手柄\"], \"nameEn\": \"Duster Head\"}]','[{\"colorSchemes\": [{\"id\": \"scheme-1762697606955-0\", \"name\": \"配色方案1\", \"colors\": [{\"part\": \"布料\", \"color\": \"草绿/Custom Color\", \"hexColor\": \"#7CFC00\"}, {\"part\": \"布料2\", \"color\": \"黄色/Yellow\", \"hexColor\": \"#FFFF00\"}]}, {\"id\": \"scheme-1762697606955-1\", \"name\": \"配色方案2\", \"colors\": [{\"part\": \"布料\", \"color\": \"蓝色/Blue\", \"hexColor\": \"#0000FF\"}, {\"part\": \"布料2\", \"color\": \"黑色/Black\", \"hexColor\": \"#000000\"}]}], \"componentCode\": \"A\"}, {\"colorSchemes\": [{\"id\": \"scheme-1762697606955-0\", \"name\": \"配色方案1\", \"colors\": [{\"part\": \"掸头\", \"color\": \"浅灰/Light Gray\", \"hexColor\": \"#D3D3D3\"}]}, {\"id\": \"scheme-1762697606955-1\", \"name\": \"配色方案2\", \"colors\": [{\"part\": \"掸头\", \"color\": \"棕色/Brown\", \"hexColor\": \"#A52A2A\"}]}], \"componentCode\": \"B\"}]',119.000000000000000000000000000000,'[\"/uploads/images/image_coll4_1762948283706_9of5ge.png\", \"/uploads/images/image_unnamed__3__1762948120295_gprp1j.png\", \"/uploads/images/image_coll4_1762946034879_58be6g.png\", \"/uploads/images/image_unnamed__2__1762948019212_it0tsc.png\", \"/uploads/images/image_unnamed__2__1762948113651_ltwrgy.png\"]',NULL,1,NULL,'active','2025-11-09 14:13:26.000','2025-11-15 17:04:16.174',NULL,'Telescopic Pole - Deluxe','A:Microfiber Cloth Head 30×40cm/85g'),('994b5e59-6105-4ee4-9cb8-df75d69428f5','93f95519-f371-4744-9ee4-c242f1597bfd','C04.01.0005','旋转拖把-豪华款','Spin Mop - 旋转拖把-豪华款',NULL,NULL,'A:全涤珊瑚绒布头\nB:超细纤维布头30×40cm/85g\nC:雪尼尔拖把头42×12cm/75g','[{\"code\": \"A\", \"name\": \"布料\", \"spec\": \"家用型/Household Type\", \"parts\": [\"杆件\"], \"nameEn\": \"Fabric\"}, {\"code\": \"B\", \"name\": \"掸头\", \"spec\": \"商用型/Commercial Type\", \"parts\": [\"拖把头\"], \"nameEn\": \"Duster Head\"}, {\"code\": \"C\", \"name\": \"底座\", \"spec\": \"商用型/Commercial Type\", \"parts\": [\"桶体\"], \"nameEn\": \"Base\"}]','[{\"colorSchemes\": [{\"id\": \"scheme-1762697606888-0\", \"name\": \"配色方案1\", \"colors\": [{\"part\": \"布料\", \"color\": \"米色/Beige\", \"hexColor\": \"#F5F5DC\"}, {\"part\": \"布料2\", \"color\": \"浅灰/Light Gray\", \"hexColor\": \"#D3D3D3\"}]}, {\"id\": \"scheme-1762697606888-1\", \"name\": \"配色方案2\", \"colors\": [{\"part\": \"布料\", \"color\": \"玫红/Custom Color\", \"hexColor\": \"#FF1493\"}, {\"part\": \"布料2\", \"color\": \"浅灰/Light Gray\", \"hexColor\": \"#D3D3D3\"}]}, {\"id\": \"scheme-1762697606888-2\", \"name\": \"配色方案3\", \"colors\": [{\"part\": \"布料\", \"color\": \"橙色/Orange\", \"hexColor\": \"#FFA500\"}, {\"part\": \"布料2\", \"color\": \"浅灰/Light Gray\", \"hexColor\": \"#D3D3D3\"}]}], \"componentCode\": \"A\"}, {\"colorSchemes\": [{\"id\": \"scheme-1762697606888-0\", \"name\": \"配色方案1\", \"colors\": [{\"part\": \"掸头\", \"color\": \"浅灰/Light Gray\", \"hexColor\": \"#D3D3D3\"}]}, {\"id\": \"scheme-1762697606888-1\", \"name\": \"配色方案2\", \"colors\": [{\"part\": \"掸头\", \"color\": \"玫红/Custom Color\", \"hexColor\": \"#FF1493\"}]}, {\"id\": \"scheme-1762697606888-2\", \"name\": \"配色方案3\", \"colors\": [{\"part\": \"掸头\", \"color\": \"米色/Beige\", \"hexColor\": \"#F5F5DC\"}]}], \"componentCode\": \"B\"}, {\"colorSchemes\": [{\"id\": \"scheme-1762697606888-0\", \"name\": \"配色方案1\", \"colors\": [{\"part\": \"底座\", \"color\": \"玫红/Custom Color\", \"hexColor\": \"#FF1493\"}]}, {\"id\": \"scheme-1762697606888-1\", \"name\": \"配色方案2\", \"colors\": [{\"part\": \"底座\", \"color\": \"粉色/Pink\", \"hexColor\": \"#FFC0CB\"}]}, {\"id\": \"scheme-1762697606888-2\", \"name\": \"配色方案3\", \"colors\": [{\"part\": \"底座\", \"color\": \"粉色/Pink\", \"hexColor\": \"#FFC0CB\"}]}], \"componentCode\": \"C\"}]',122.000000000000000000000000000000,'[\"/uploads/images/image_unnamed__1__1762948313354_3g4w33.png\", \"/uploads/images/image_coll3_1762948283658_od926o.png\", \"/uploads/images/image_coll4_1762937241307_928qud.png\", \"/uploads/images/image_unnamed__2__1762948019212_it0tsc.png\", \"/uploads/images/image_unnamed__4__1762942015528_l79i7t.png\"]',NULL,1,NULL,'active','2025-11-09 14:13:26.000','2025-11-15 17:04:16.185',NULL,'Rotating Mop - Deluxe','A:Full Polyester Coral Fleece Head\nB:Microfiber Cloth Head 30×40cm/85g\nC:Chenille Mop Head 42×12cm/75g'),('ac53f7a5-e2dd-4c97-ae3c-fbab996f5824','56436936-7dde-4046-aa8f-c379c9f94106','C04.01.0010','拖把头-豪华款','Mop Head - 拖把头-豪华款',NULL,NULL,'A:360°旋转接头\nB:伸缩铁杆(意标)22&25×0.3×68-120/190g','[{\"code\": \"A\", \"name\": \"布料\", \"spec\": \"家用型/Household Typed\", \"parts\": [\"纤维布\", \"纤维布2\"], \"nameEn\": \"Fabric\"}, {\"code\": \"B\", \"name\": \"掸头\", \"spec\": \"商用型/Commercial Type\", \"parts\": [\"底座\"], \"nameEn\": \"Duster Head\"}]','[{\"colorSchemes\": [{\"id\": \"scheme-1762697607005-0\", \"name\": \"配色方案1\", \"colors\": [{\"part\": \"布料/Fabric\", \"color\": \"深灰/Dark Gray\", \"partEn\": \"Fabric\", \"hexColor\": \"#404040\"}, {\"part\": \"布料2/Fabric 2\", \"color\": \"黄色/Yellow\", \"partEn\": \"Fabric 2\", \"hexColor\": \"#FFFF00\"}]}, {\"id\": \"scheme-1762697607005-1\", \"name\": \"配色方案2\", \"colors\": [{\"part\": \"布料/Fabric\", \"color\": \"金色/Gold\", \"partEn\": \"Fabric\", \"hexColor\": \"#FFD700\"}, {\"part\": \"布料2/Fabric 2\", \"color\": \"深蓝/Custom Color\", \"partEn\": \"Fabric 2\", \"hexColor\": \"#00008B\"}]}], \"componentCode\": \"A\"}, {\"colorSchemes\": [{\"id\": \"scheme-1762697607005-0\", \"name\": \"配色方案1\", \"colors\": [{\"part\": \"掸头/Duster Head\", \"color\": \"蓝色/Blue\", \"partEn\": \"Duster Head\", \"hexColor\": \"#0000FF\"}]}, {\"id\": \"scheme-1762697607005-1\", \"name\": \"配色方案2\", \"colors\": [{\"part\": \"掸头/Duster Head\", \"color\": \"天蓝/Custom Color\", \"partEn\": \"Duster Head\", \"hexColor\": \"#87CEEB\"}]}], \"componentCode\": \"B\"}]',115.000000000000000000000000000000,'[\"/uploads/images/image________1762947951815_ei7al5.png\", \"/uploads/images/image_unnamed__5__1762948318762_ddxx2h.png\", \"/uploads/images/image_unnamed__1__1762933151192_uqow9y.png\", \"/uploads/images/image_coll4_1762948015805_2b6aqd.png\"]','null',1,NULL,'active','2025-11-09 14:13:27.000','2025-11-15 17:04:16.199',NULL,'Mop Head - Deluxe','A:360° Rotating Joint\nB:Telescopic Iron Rod (Italy Standard) 22&25×0.3×68-120/190g'),('ad482a44-2df6-49c2-92db-14c3cbf644b3','2bb17599-5f3c-4961-a97e-3cf0bfe9f666','C04.01.0012','马桶刷套装-豪华款','Toilet Brush Set - 马桶刷套装-豪华款',NULL,NULL,'A:四孔面板\nB:底板39×9/125g\nC:双面清洁刷头','[{\"code\": \"A\", \"name\": \"布料\", \"spec\": \"家用型/Household Type\", \"parts\": [\"刷头\"], \"nameEn\": \"Fabric\"}, {\"code\": \"B\", \"name\": \"掸头\", \"spec\": \"商用型/Commercial Type\", \"parts\": [\"手柄\"], \"nameEn\": \"Duster Head\"}, {\"code\": \"C\", \"name\": \"底座\", \"spec\": \"商用型/Commercial Type\", \"parts\": [\"底座\"]}]','[{\"colorSchemes\": [{\"id\": \"scheme-1762697607050-0\", \"name\": \"配色方案1\", \"colors\": [{\"part\": \"布料\", \"color\": \"棕色/Brown\", \"hexColor\": \"#A52A2A\"}, {\"part\": \"布料2\", \"color\": \"浅灰/Light Gray\", \"hexColor\": \"#D3D3D3\"}]}, {\"id\": \"scheme-1762697607050-1\", \"name\": \"配色方案2\", \"colors\": [{\"part\": \"布料\", \"color\": \"黄色/Yellow\", \"hexColor\": \"#FFFF00\"}, {\"part\": \"布料2\", \"color\": \"浅灰/Light Gray\", \"hexColor\": \"#D3D3D3\"}]}, {\"id\": \"scheme-1762697607050-2\", \"name\": \"配色方案3\", \"colors\": [{\"part\": \"布料\", \"color\": \"绿色/Green\", \"hexColor\": \"#00FF00\"}, {\"part\": \"布料2\", \"color\": \"浅灰/Light Gray\", \"hexColor\": \"#D3D3D3\"}]}], \"componentCode\": \"A\"}, {\"colorSchemes\": [{\"id\": \"scheme-1762697607050-0\", \"name\": \"配色方案1\", \"colors\": [{\"part\": \"掸头\", \"color\": \"黑色/Black\", \"hexColor\": \"#000000\"}]}, {\"id\": \"scheme-1762697607050-1\", \"name\": \"配色方案2\", \"colors\": [{\"part\": \"掸头\", \"color\": \"黄色/Yellow\", \"hexColor\": \"#FFFF00\"}]}, {\"id\": \"scheme-1762697607050-2\", \"name\": \"配色方案3\", \"colors\": [{\"part\": \"掸头\", \"color\": \"黑色/Black\", \"hexColor\": \"#000000\"}]}], \"componentCode\": \"B\"}, {\"colorSchemes\": [{\"id\": \"scheme-1762697607050-0\", \"name\": \"配色方案1\", \"colors\": [{\"part\": \"底座\", \"color\": \"草绿/Custom Color\", \"hexColor\": \"#7CFC00\"}]}, {\"id\": \"scheme-1762697607050-1\", \"name\": \"配色方案2\", \"colors\": [{\"part\": \"底座\", \"color\": \"银色/Silver\", \"hexColor\": \"#C0C0C0\"}]}, {\"id\": \"scheme-1762697607050-2\", \"name\": \"配色方案3\", \"colors\": [{\"part\": \"底座\", \"color\": \"白色/White\", \"hexColor\": \"#FFFFFF\"}]}], \"componentCode\": \"C\"}]',122.000000000000000000000000000000,'[\"/uploads/images/image_unnamed__1__1762936230753_sh6m4c.png\", \"/uploads/images/image_unnamed__1__1762937159263_lwpqzv.png\", \"/uploads/images/image_coll4_1762948015805_2b6aqd.png\", \"/uploads/images/image_coll3_1762948283658_od926o.png\", \"/uploads/images/image_unnamed__2__1762948019212_it0tsc.png\"]',NULL,1,NULL,'active','2025-11-09 14:13:27.000','2025-11-15 17:03:36.242',NULL,'Toilet Brush Set - Deluxe','A:Four-Hole Panel\nB:Base Plate 39×9/125g\nC:Double-sided Cleaning Brush Head'),('adee79b9-ed09-472a-9ffa-d72a74ba7f87','2407def2-0c16-4a77-ad13-c3694fa13d26','C04.01.0027','混合清洁工具-标准款','Mixed Cleaning Tools - 混合清洁工具-标准款',NULL,NULL,'A:全涤珊瑚绒布头\nB:双面清洁刷头\nC:可拆卸水桶配件\nD:伸缩铁杆(意标)22&25×0.3×68-120/190g','[{\"code\": \"A\", \"name\": \"布料\", \"spec\": \"家用型/Household Typed\", \"parts\": [\"工具头\", \"工具头2\"], \"nameEn\": \"Fabric\"}, {\"code\": \"B\", \"name\": \"掸头\", \"spec\": \"商用型/Commercial Type\", \"parts\": [\"连接杆\"], \"nameEn\": \"Duster Head\"}, {\"code\": \"C\", \"name\": \"底座\", \"spec\": \"商用型/Commercial Type\", \"parts\": [\"手柄\"], \"nameEn\": \"Base\"}]','[{\"colorSchemes\": [{\"id\": \"scheme-1762697607436-0\", \"name\": \"配色方案1\", \"colors\": [{\"part\": \"布料/Fabric\", \"color\": \"灰色/Gray\", \"partEn\": \"布料/Fabric\", \"hexColor\": \"#808080\"}, {\"part\": \"布料2/Fabric 2\", \"color\": \"红色/Red\", \"partEn\": \"布料2/Fabric 2\", \"hexColor\": \"#FF0000\"}]}, {\"id\": \"scheme-1762697607436-1\", \"name\": \"配色方案2\", \"colors\": [{\"part\": \"布料/Fabric\", \"color\": \"粉色/Pink\", \"partEn\": \"布料/Fabric\", \"hexColor\": \"#FFC0CB\"}, {\"part\": \"布料2/Fabric 2\", \"color\": \"橙色/Orange\", \"partEn\": \"布料2/Fabric 2\", \"hexColor\": \"#FFA500\"}]}], \"componentCode\": \"A\"}, {\"colorSchemes\": [{\"id\": \"scheme-1762697607436-0\", \"name\": \"配色方案1\", \"colors\": [{\"part\": \"掸头/Duster Head\", \"color\": \"浅灰/Light Gray\", \"partEn\": \"掸头/Duster Head\", \"hexColor\": \"#D3D3D3\"}]}, {\"id\": \"scheme-1762697607436-1\", \"name\": \"配色方案2\", \"colors\": [{\"part\": \"掸头/Duster Head\", \"color\": \"粉色/Pink\", \"partEn\": \"掸头/Duster Head\", \"hexColor\": \"#FFC0CB\"}]}], \"componentCode\": \"B\"}, {\"colorSchemes\": [{\"id\": \"scheme-1762697607436-0\", \"name\": \"配色方案1\", \"colors\": [{\"part\": \"底座/Base\", \"color\": \"橙色/Orange\", \"partEn\": \"底座/Base\", \"hexColor\": \"#FFA500\"}]}, {\"id\": \"scheme-1762697607436-1\", \"name\": \"配色方案2\", \"colors\": [{\"part\": \"底座/Base\", \"color\": \"橙色/Orange\", \"partEn\": \"底座/Base\", \"hexColor\": \"#FFA500\"}]}], \"componentCode\": \"C\"}]',90.000000000000000000000000000000,'[\"/uploads/images/image_coll4_1762948313275_tolfci.png\", \"/uploads/images/image_unnamed__2__1762948019212_it0tsc.png\"]','null',1,NULL,'active','2025-11-09 14:13:27.000','2025-11-15 17:03:36.253',NULL,'Mixed Cleaning Tool - Standard','A:Full Polyester Coral Fleece Head\nB:Double-sided Cleaning Brush Head\nC:Detachable Bucket Accessory\nD:Telescopic Iron Rod (Italy Standard) 22&25×0.3×68-120/190g'),('b2fb8697-2c88-4e47-ac69-79e20d6f040e','ad28311d-cf79-4e1d-aeb2-735c7bb0d141','C04.01.0015','除尘掸-标准款','Duster - 除尘掸-标准款',NULL,NULL,'A:超细纤维布头30×40cm/85g','[{\"code\": \"A\", \"name\": \"布料\", \"spec\": \"家用型/Household Typed\", \"parts\": [\"掸头\"], \"nameEn\": \"Fabric\"}, {\"code\": \"B\", \"name\": \"掸头\", \"spec\": \"商用型/Commercial Type\", \"parts\": [\"杆件\"], \"nameEn\": \"Duster Head\"}]','[{\"colorSchemes\": [{\"id\": \"scheme-1762697607125-0\", \"name\": \"配色方案1\", \"colors\": [{\"part\": \"布料/Fabric\", \"color\": \"草绿/Custom Color\", \"partEn\": \"Fabric\", \"hexColor\": \"#7CFC00\"}, {\"part\": \"布料2/Fabric 2\", \"color\": \"浅灰/Light Gray\", \"partEn\": \"Fabric 2\", \"hexColor\": \"#D3D3D3\"}]}, {\"id\": \"scheme-1762697607125-1\", \"name\": \"配色方案2\", \"colors\": [{\"part\": \"布料/Fabric\", \"color\": \"深灰/Dark Gray\", \"partEn\": \"Fabric\", \"hexColor\": \"#404040\"}, {\"part\": \"布料2/Fabric 2\", \"color\": \"浅灰/Light Gray\", \"partEn\": \"Fabric 2\", \"hexColor\": \"#D3D3D3\"}]}, {\"id\": \"scheme-1762697607125-2\", \"name\": \"配色方案3\", \"colors\": [{\"part\": \"布料/Fabric\", \"color\": \"草绿/Custom Color\", \"partEn\": \"Fabric\", \"hexColor\": \"#7CFC00\"}, {\"part\": \"布料2/Fabric 2\", \"color\": \"浅灰/Light Gray\", \"partEn\": \"Fabric 2\", \"hexColor\": \"#D3D3D3\"}]}], \"componentCode\": \"A\"}, {\"colorSchemes\": [{\"id\": \"scheme-1762697607125-0\", \"name\": \"配色方案1\", \"colors\": [{\"part\": \"掸头/Duster Head\", \"color\": \"天蓝/Custom Color\", \"partEn\": \"Duster Head\", \"hexColor\": \"#87CEEB\"}]}, {\"id\": \"scheme-1762697607125-1\", \"name\": \"配色方案2\", \"colors\": [{\"part\": \"掸头/Duster Head\", \"color\": \"金色/Gold\", \"partEn\": \"Duster Head\", \"hexColor\": \"#FFD700\"}]}, {\"id\": \"scheme-1762697607125-2\", \"name\": \"配色方案3\", \"colors\": [{\"part\": \"掸头/Duster Head\", \"color\": \"黄色/Yellow\", \"partEn\": \"Duster Head\", \"hexColor\": \"#FFFF00\"}]}], \"componentCode\": \"B\"}]',86.000000000000000000000000000000,'[\"/uploads/images/image_coll4_1762936253776_rxkbtt.png\", \"/uploads/images/image_coll4_1762948182659_dfv3cb.png\", \"/uploads/images/image_coll2_1762948283609_kevbjk.png\", \"/uploads/images/image_coll3_1762948283658_od926o.png\"]','null',1,NULL,'active','2025-11-09 14:13:27.000','2025-11-15 21:09:18.684',NULL,'Dust Duster - Standard','A:Microfiber Cloth Head 30×40cm/85g'),('b8d07bf7-7f98-4fca-afd0-aea6a755cfa4','41f014e5-939e-4515-982b-d91c6d86d9c4','C04.01.0020','汽车清洁套装-标准款','Car Cleaning Kit - 汽车清洁套装-标准款',NULL,NULL,'A:底板39×9/125g','[{\"code\": \"A\", \"name\": \"布料\", \"spec\": \"家用型/Household Type\", \"parts\": [\"刷头\"], \"nameEn\": \"Fabric\"}, {\"code\": \"B\", \"name\": \"掸头\", \"spec\": \"商用型/Commercial Type\", \"parts\": [\"海绵\"], \"nameEn\": \"Duster Head\"}, {\"code\": \"C\", \"name\": \"底座\", \"spec\": \"商用型/Commercial Type\", \"parts\": [\"抹布\"], \"nameEn\": \"Base\"}, {\"code\": \"D\", \"name\": \"杆件\", \"spec\": \"经济型/Economy Type\", \"parts\": [\"喷壶\", \"喷壶2\"], \"nameEn\": \"Rod\"}]','[{\"colorSchemes\": [{\"id\": \"scheme-1762697607249-0\", \"name\": \"配色方案1\", \"colors\": [{\"part\": \"布料\", \"color\": \"蓝色/Blue\", \"hexColor\": \"#0000FF\"}, {\"part\": \"布料2\", \"color\": \"浅灰/Light Gray\", \"hexColor\": \"#D3D3D3\"}]}, {\"id\": \"scheme-1762697607249-1\", \"name\": \"配色方案2\", \"colors\": [{\"part\": \"布料\", \"color\": \"米色/Beige\", \"hexColor\": \"#F5F5DC\"}, {\"part\": \"布料2\", \"color\": \"浅灰/Light Gray\", \"hexColor\": \"#D3D3D3\"}]}, {\"id\": \"scheme-1762697607249-2\", \"name\": \"配色方案3\", \"colors\": [{\"part\": \"布料\", \"color\": \"浅灰/Light Gray\", \"hexColor\": \"#D3D3D3\"}, {\"part\": \"布料2\", \"color\": \"浅灰/Light Gray\", \"hexColor\": \"#D3D3D3\"}]}], \"componentCode\": \"A\"}, {\"colorSchemes\": [{\"id\": \"scheme-1762697607249-0\", \"name\": \"配色方案1\", \"colors\": [{\"part\": \"掸头\", \"color\": \"黄色/Yellow\", \"hexColor\": \"#FFFF00\"}]}, {\"id\": \"scheme-1762697607249-1\", \"name\": \"配色方案2\", \"colors\": [{\"part\": \"掸头\", \"color\": \"蓝色/Blue\", \"hexColor\": \"#0000FF\"}]}, {\"id\": \"scheme-1762697607249-2\", \"name\": \"配色方案3\", \"colors\": [{\"part\": \"掸头\", \"color\": \"黄色/Yellow\", \"hexColor\": \"#FFFF00\"}]}], \"componentCode\": \"B\"}, {\"colorSchemes\": [{\"id\": \"scheme-1762697607249-0\", \"name\": \"配色方案1\", \"colors\": [{\"part\": \"底座\", \"color\": \"黄色/Yellow\", \"hexColor\": \"#FFFF00\"}]}, {\"id\": \"scheme-1762697607249-1\", \"name\": \"配色方案2\", \"colors\": [{\"part\": \"底座\", \"color\": \"浅灰/Light Gray\", \"hexColor\": \"#D3D3D3\"}]}, {\"id\": \"scheme-1762697607249-2\", \"name\": \"配色方案3\", \"colors\": [{\"part\": \"底座\", \"color\": \"紫色/Purple\", \"hexColor\": \"#800080\"}]}], \"componentCode\": \"C\"}, {\"colorSchemes\": [{\"id\": \"scheme-1762697607249-0\", \"name\": \"配色方案1\", \"colors\": [{\"part\": \"杆件\", \"color\": \"白色/White\", \"hexColor\": \"#FFFFFF\"}]}, {\"id\": \"scheme-1762697607249-1\", \"name\": \"配色方案2\", \"colors\": [{\"part\": \"杆件\", \"color\": \"棕色/Brown\", \"hexColor\": \"#A52A2A\"}]}, {\"id\": \"scheme-1762697607249-2\", \"name\": \"配色方案3\", \"colors\": [{\"part\": \"杆件\", \"color\": \"白色/White\", \"hexColor\": \"#FFFFFF\"}]}], \"componentCode\": \"D\"}]',99.000000000000000000000000000000,'[\"/uploads/images/image_coll4_1762946034879_58be6g.png\", \"/uploads/images/image_coll4_1762936253776_rxkbtt.png\", \"/uploads/images/image_unnamed__1__1762936230753_sh6m4c.png\", \"/uploads/images/image_unnamed__3__1762948313450_lpo1vl.png\", \"/uploads/images/image_coll4_1762948015805_2b6aqd.png\"]',NULL,1,NULL,'active','2025-11-09 14:13:27.000','2025-11-15 17:04:16.222',NULL,'Car Cleaning Set - Standard','A:Base Plate 39×9/125g'),('c31f38ed-7b91-4d66-b986-c705f1ee906a','93f95519-f371-4744-9ee4-c242f1597bfd','C04.01.0006','旋转拖把-高级款','Spin Mop - 旋转拖把-高级款',NULL,NULL,'A:伸缩铁杆(意标)22&25×0.3×68-120/190g\nB:加厚海绵层15mm\nC:全涤珊瑚绒布头\nD:360°旋转接头','[{\"code\": \"A\", \"name\": \"布料\", \"spec\": \"家用型/Household Type\", \"parts\": [\"杆件\"], \"nameEn\": \"Fabric\"}, {\"code\": \"B\", \"name\": \"掸头\", \"spec\": \"商用型/Commercial Type\", \"parts\": [\"拖把头\"], \"nameEn\": \"Duster Head\"}, {\"code\": \"C\", \"name\": \"底座\", \"spec\": \"商用型/Commercial Type\", \"parts\": [\"桶体\"], \"nameEn\": \"Base\"}]','[{\"colorSchemes\": [{\"id\": \"scheme-1762697606905-0\", \"name\": \"配色方案1\", \"colors\": [{\"part\": \"布料\", \"color\": \"银色/Silver\", \"hexColor\": \"#C0C0C0\"}, {\"part\": \"布料2\", \"color\": \"浅灰/Light Gray\", \"hexColor\": \"#D3D3D3\"}]}, {\"id\": \"scheme-1762697606905-1\", \"name\": \"配色方案2\", \"colors\": [{\"part\": \"布料\", \"color\": \"紫色/Purple\", \"hexColor\": \"#800080\"}, {\"part\": \"布料2\", \"color\": \"浅灰/Light Gray\", \"hexColor\": \"#D3D3D3\"}]}, {\"id\": \"scheme-1762697606905-2\", \"name\": \"配色方案3\", \"colors\": [{\"part\": \"布料\", \"color\": \"棕色/Brown\", \"hexColor\": \"#A52A2A\"}, {\"part\": \"布料2\", \"color\": \"浅灰/Light Gray\", \"hexColor\": \"#D3D3D3\"}]}], \"componentCode\": \"A\"}, {\"colorSchemes\": [{\"id\": \"scheme-1762697606905-0\", \"name\": \"配色方案1\", \"colors\": [{\"part\": \"掸头\", \"color\": \"灰色/Gray\", \"hexColor\": \"#808080\"}]}, {\"id\": \"scheme-1762697606905-1\", \"name\": \"配色方案2\", \"colors\": [{\"part\": \"掸头\", \"color\": \"红色/Red\", \"hexColor\": \"#FF0000\"}]}, {\"id\": \"scheme-1762697606905-2\", \"name\": \"配色方案3\", \"colors\": [{\"part\": \"掸头\", \"color\": \"白色/White\", \"hexColor\": \"#FFFFFF\"}]}], \"componentCode\": \"B\"}, {\"colorSchemes\": [{\"id\": \"scheme-1762697606905-0\", \"name\": \"配色方案1\", \"colors\": [{\"part\": \"底座\", \"color\": \"草绿/Custom Color\", \"hexColor\": \"#7CFC00\"}]}, {\"id\": \"scheme-1762697606905-1\", \"name\": \"配色方案2\", \"colors\": [{\"part\": \"底座\", \"color\": \"米色/Beige\", \"hexColor\": \"#F5F5DC\"}]}, {\"id\": \"scheme-1762697606905-2\", \"name\": \"配色方案3\", \"colors\": [{\"part\": \"底座\", \"color\": \"蓝色/Blue\", \"hexColor\": \"#0000FF\"}]}], \"componentCode\": \"C\"}]',145.000000000000000000000000000000,'[\"/uploads/images/image_unnamed__1__1762933151192_uqow9y.png\", \"/uploads/images/image_unnamed__1__1762946385903_nifamv.png\", \"/uploads/images/image_unnamed__2__1762948019212_it0tsc.png\", \"/uploads/images/image_coll2_1762948283609_kevbjk.png\", \"/uploads/images/image_coll4_1762936253776_rxkbtt.png\"]',NULL,1,NULL,'active','2025-11-09 14:13:26.000','2025-11-15 17:04:16.235',NULL,'Rotating Mop - Premium','A:Telescopic Iron Rod (Italy Standard) 22&25×0.3×68-120/190g\nB:Thickened Sponge Layer 15mm\nC:Full Polyester Coral Fleece Head\nD:360° Rotating Joint'),('cf0f1aed-c22f-4479-9791-b49b06e2daad','a6798391-a680-48ea-baf0-7d3a939e06f9','C04.01.0007','伸缩杆-标准款','Telescopic Pole - 伸缩杆-标准款',NULL,NULL,'A:底板39×9/125g\nB:雪尼尔拖把头42×12cm/75g','[{\"code\": \"A\", \"name\": \"布料\", \"spec\": \"家用型/Household Typed\", \"parts\": [\"杆身\", \"杆身2\"], \"nameEn\": \"Fabric\"}, {\"code\": \"B\", \"name\": \"掸头\", \"spec\": \"商用型/Commercial Type\", \"parts\": [\"手柄\"], \"nameEn\": \"Duster Head\"}]','[{\"colorSchemes\": [{\"id\": \"scheme-1762697606938-0\", \"name\": \"配色方案1\", \"colors\": [{\"part\": \"布料/Fabric\", \"color\": \"浅灰/Light Gray\", \"partEn\": \"布料/Fabric\", \"hexColor\": \"#D3D3D3\"}, {\"part\": \"布料2/Fabric 2\", \"color\": \"紫色/Purple\", \"partEn\": \"布料2/Fabric 2\", \"hexColor\": \"#800080\"}]}, {\"id\": \"scheme-1762697606938-1\", \"name\": \"配色方案2\", \"colors\": [{\"part\": \"布料/Fabric\", \"color\": \"橙色/Orange\", \"partEn\": \"布料/Fabric\", \"hexColor\": \"#FFA500\"}, {\"part\": \"布料2/Fabric 2\", \"color\": \"黄色/Yellow\", \"partEn\": \"布料2/Fabric 2\", \"hexColor\": \"#FFFF00\"}]}, {\"id\": \"scheme-1762697606938-2\", \"name\": \"配色方案3\", \"colors\": [{\"part\": \"布料/Fabric\", \"color\": \"银色/Silver\", \"partEn\": \"布料/Fabric\", \"hexColor\": \"#C0C0C0\"}, {\"part\": \"布料2/Fabric 2\", \"color\": \"蓝色/Blue\", \"partEn\": \"布料2/Fabric 2\", \"hexColor\": \"#0000FF\"}]}], \"componentCode\": \"A\"}, {\"colorSchemes\": [{\"id\": \"scheme-1762697606938-0\", \"name\": \"配色方案1\", \"colors\": [{\"part\": \"掸头/Duster Head\", \"color\": \"绿色/Green\", \"partEn\": \"掸头/Duster Head\", \"hexColor\": \"#00FF00\"}]}, {\"id\": \"scheme-1762697606938-1\", \"name\": \"配色方案2\", \"colors\": [{\"part\": \"掸头/Duster Head\", \"color\": \"橙色/Orange\", \"partEn\": \"掸头/Duster Head\", \"hexColor\": \"#FFA500\"}]}, {\"id\": \"scheme-1762697606938-2\", \"name\": \"配色方案3\", \"colors\": [{\"part\": \"掸头/Duster Head\", \"color\": \"银色/Silver\", \"partEn\": \"掸头/Duster Head\", \"hexColor\": \"#C0C0C0\"}]}], \"componentCode\": \"B\"}]',84.000000000000000000000000000000,'[\"/uploads/images/image_coll4_1762948283706_9of5ge.png\", \"/uploads/images/image_coll3_1762999435791_kq9s4c.png\", \"/uploads/images/image_coll2_1762999440899_l25mky.png\"]','{\"url\": \"/uploads/videos/video_test_1762999400535_44kcyp.mp4\", \"type\": \"video/mp4\"}',1,NULL,'active','2025-11-09 14:13:26.000','2025-11-15 17:04:16.250',NULL,'Telescopic Pole - Standard','A:Base Plate 39×9/125g\nB:Chenille Mop Head 42×12cm/75g'),('d2ecba86-2c8e-477f-8a41-51a63e100d3b','7ed08055-1726-43e0-a4b7-cb049a63109d','C04.01.0014','玻璃刮-豪华款','Window Squeegee - 玻璃刮-豪华款',NULL,NULL,'A:360°旋转接头','[{\"code\": \"A\", \"name\": \"布料\", \"spec\": \"家用型/Household Typed\", \"parts\": [\"刮条\"], \"nameEn\": \"Fabric\"}, {\"code\": \"B\", \"name\": \"掸头\", \"spec\": \"商用型/Commercial Type\", \"parts\": [\"手柄\", \"手柄2\"], \"nameEn\": \"Duster Head\"}, {\"code\": \"C\", \"name\": \"底座\", \"spec\": \"商用型/Commercial Type\", \"parts\": [\"底座\"], \"nameEn\": \"Base\"}]','[{\"colorSchemes\": [{\"id\": \"scheme-1762697607098-0\", \"name\": \"配色方案1\", \"colors\": [{\"part\": \"布料/Fabric\", \"color\": \"玫红/Custom Color\", \"partEn\": \"Fabric\", \"hexColor\": \"#FF1493\"}, {\"part\": \"布料2/Fabric 2\", \"color\": \"浅灰/Light Gray\", \"partEn\": \"Fabric 2\", \"hexColor\": \"#D3D3D3\"}]}], \"componentCode\": \"A\"}, {\"colorSchemes\": [{\"id\": \"scheme-1762697607098-0\", \"name\": \"配色方案1\", \"colors\": [{\"part\": \"掸头/Duster Head\", \"color\": \"白色/White\", \"partEn\": \"Duster Head\", \"hexColor\": \"#FFFFFF\"}]}], \"componentCode\": \"B\"}, {\"colorSchemes\": [{\"id\": \"scheme-1762697607098-0\", \"name\": \"配色方案1\", \"colors\": [{\"part\": \"底座/Base\", \"color\": \"银色/Silver\", \"partEn\": \"Base\", \"hexColor\": \"#C0C0C0\"}]}], \"componentCode\": \"C\"}]',119.000000000000000000000000000000,'[\"/uploads/images/image_coll3_1762948283658_od926o.png\", \"/uploads/images/image_coll1_1762933265095_7gj9qy.png\", \"/uploads/images/image_unnamed__1__1762947989446_k2w52e.png\", \"/uploads/images/image_unnamed__1__1762937159263_lwpqzv.png\"]','null',1,NULL,'active','2025-11-09 14:13:27.000','2025-11-15 17:04:16.263',NULL,'Glass Scraper - Deluxe','A:360° Rotating Joint'),('e7d311de-ebf6-47d0-984d-fa9075cf9a16','2407def2-0c16-4a77-ad13-c3694fa13d26','C04.01.0029','混合清洁工具-高级款','Mixed Cleaning Tools - 混合清洁工具-高级款',NULL,NULL,'A:360°旋转接头','[{\"code\": \"A\", \"name\": \"布料\", \"spec\": \"家用型/Household Typed\", \"parts\": [\"工具头\", \"工具头2\"], \"nameEn\": \"Fabric\"}, {\"code\": \"B\", \"name\": \"掸头\", \"spec\": \"商用型/Commercial Type\", \"parts\": [\"连接杆\"], \"nameEn\": \"Duster Head\"}, {\"code\": \"C\", \"name\": \"底座\", \"spec\": \"商用型/Commercial Type\", \"parts\": [\"手柄\"], \"nameEn\": \"Base\"}]','[{\"colorSchemes\": [{\"id\": \"scheme-1762697607495-0\", \"name\": \"配色方案1\", \"colors\": [{\"part\": \"布料/Fabric\", \"color\": \"金色/Gold\", \"partEn\": \"布料/Fabric\", \"hexColor\": \"#FFD700\"}, {\"part\": \"布料2/Fabric 2\", \"color\": \"棕色/Brown\", \"partEn\": \"布料2/Fabric 2\", \"hexColor\": \"#A52A2A\"}]}, {\"id\": \"scheme-1762697607495-1\", \"name\": \"配色方案2\", \"colors\": [{\"part\": \"布料/Fabric\", \"color\": \"粉色/Pink\", \"partEn\": \"布料/Fabric\", \"hexColor\": \"#FFC0CB\"}, {\"part\": \"布料2/Fabric 2\", \"color\": \"黑色/Black\", \"partEn\": \"布料2/Fabric 2\", \"hexColor\": \"#000000\"}]}], \"componentCode\": \"A\"}, {\"colorSchemes\": [{\"id\": \"scheme-1762697607495-0\", \"name\": \"配色方案1\", \"colors\": [{\"part\": \"掸头/Duster Head\", \"color\": \"粉色/Pink\", \"partEn\": \"掸头/Duster Head\", \"hexColor\": \"#FFC0CB\"}]}, {\"id\": \"scheme-1762697607495-1\", \"name\": \"配色方案2\", \"colors\": [{\"part\": \"掸头/Duster Head\", \"color\": \"绿色/Green\", \"partEn\": \"掸头/Duster Head\", \"hexColor\": \"#00FF00\"}]}], \"componentCode\": \"B\"}, {\"colorSchemes\": [{\"id\": \"scheme-1762697607495-0\", \"name\": \"配色方案1\", \"colors\": [{\"part\": \"底座/Base\", \"color\": \"深蓝/Custom Color\", \"partEn\": \"底座/Base\", \"hexColor\": \"#00008B\"}]}, {\"id\": \"scheme-1762697607495-1\", \"name\": \"配色方案2\", \"colors\": [{\"part\": \"底座/Base\", \"color\": \"橙色/Orange\", \"partEn\": \"底座/Base\", \"hexColor\": \"#FFA500\"}]}], \"componentCode\": \"C\"}]',156.000000000000000000000000000000,'[\"/uploads/images/image_coll3_1763227470051_8jcsix.png\", \"/uploads/images/image_coll4_1763227470102_a8kgz2.png\", \"/uploads/images/image_unnamed__1__1763227470150_g4geko.png\", \"/uploads/images/image_unnamed__4__1763227484597_armxfw.png\"]','null',1,NULL,'active','2025-11-09 14:13:27.000','2025-11-15 17:24:45.937',NULL,'Mixed Cleaning Tool - Premium','A:360° Rotating Joint'),('efd96eb2-2735-4bb4-8b73-74c121240920','7f72791b-6100-4ed7-87a0-5ff76d2d36e4','C04.01.0003','多功能清洁套装-高级款','Multi-Purpose Cleaning Set - 多功能清洁套装-高级款',NULL,NULL,'A:底板39×9/125g\nB:双面清洁刷头','[{\"code\": \"A\", \"name\": \"布料\", \"spec\": \"家用型/Household Typed\", \"parts\": [\"伸缩杆\"], \"nameEn\": \"Fabric\"}, {\"code\": \"B\", \"name\": \"掸头\", \"spec\": \"商用型/Commercial Type\", \"parts\": [\"拖把头\"], \"nameEn\": \"Duster Head\"}, {\"code\": \"C\", \"name\": \"底座\", \"spec\": \"商用型/Commercial Type\", \"parts\": [\"刷头\"], \"nameEn\": \"Base\"}, {\"code\": \"D\", \"name\": \"杆件\", \"spec\": \"经济型/Economy Type\", \"parts\": [\"抹布\"], \"nameEn\": \"Rod\"}]','[{\"colorSchemes\": [{\"id\": \"scheme-1762697606838-0\", \"name\": \"配色方案1\", \"colors\": [{\"part\": \"布料/Fabric\", \"color\": \"米色/Beige\", \"partEn\": \"布料/Fabric\", \"hexColor\": \"#F5F5DC\"}, {\"part\": \"布料2/Fabric 2\", \"color\": \"浅灰/Light Gray\", \"partEn\": \"布料2/Fabric 2\", \"hexColor\": \"#D3D3D3\"}]}], \"componentCode\": \"A\"}, {\"colorSchemes\": [{\"id\": \"scheme-1762697606838-0\", \"name\": \"配色方案1\", \"colors\": [{\"part\": \"掸头/Duster Head\", \"color\": \"灰色/Gray\", \"partEn\": \"掸头/Duster Head\", \"hexColor\": \"#808080\"}]}], \"componentCode\": \"B\"}, {\"colorSchemes\": [{\"id\": \"scheme-1762697606838-0\", \"name\": \"配色方案1\", \"colors\": [{\"part\": \"底座/Base\", \"color\": \"红色/Red\", \"partEn\": \"底座/Base\", \"hexColor\": \"#FF0000\"}]}], \"componentCode\": \"C\"}, {\"colorSchemes\": [{\"id\": \"scheme-1762697606838-0\", \"name\": \"配色方案1\", \"colors\": [{\"part\": \"杆件/Rod\", \"color\": \"灰色/Gray\", \"partEn\": \"杆件/Rod\", \"hexColor\": \"#808080\"}]}], \"componentCode\": \"D\"}]',145.000000000000000000000000000000,'[\"/uploads/images/image_unnamed__4__1762942015528_l79i7t.png\", \"/uploads/images/image_coll3_1762948283658_od926o.png\", \"/uploads/images/image_coll1_1762948032727_cvu58d.png\"]','null',1,NULL,'active','2025-11-09 14:13:26.000','2025-11-15 17:04:16.274',NULL,'Multi - Function Cleaning Set - Premium','A:Base Plate 39×9/125g\nB:Double-sided Cleaning Brush Head'),('f1b42559-c87c-4c4c-8e0d-b08922100053','2bb17599-5f3c-4961-a97e-3cf0bfe9f666','C04.01.0011','马桶刷套装-标准款','Toilet Brush Set - 马桶刷套装-标准款',NULL,NULL,'A:雪尼尔拖把头42×12cm/75g\nB:四孔面板\nC:全涤珊瑚绒布头','[{\"code\": \"A\", \"name\": \"布料\", \"spec\": \"家用型/Household Type\", \"parts\": [\"刷头\"], \"nameEn\": \"Fabric\"}, {\"code\": \"B\", \"name\": \"掸头\", \"spec\": \"商用型/Commercial Type\", \"parts\": [\"手柄\"], \"nameEn\": \"Duster Head\"}, {\"code\": \"C\", \"name\": \"底座\", \"spec\": \"商用型/Commercial Type\", \"parts\": [\"底座\"]}]','[{\"colorSchemes\": [{\"id\": \"scheme-1762697607034-0\", \"name\": \"配色方案1\", \"colors\": [{\"part\": \"布料\", \"color\": \"紫色/Purple\", \"hexColor\": \"#800080\"}, {\"part\": \"布料2\", \"color\": \"浅灰/Light Gray\", \"hexColor\": \"#D3D3D3\"}]}, {\"id\": \"scheme-1762697607034-1\", \"name\": \"配色方案2\", \"colors\": [{\"part\": \"布料\", \"color\": \"黄色/Yellow\", \"hexColor\": \"#FFFF00\"}, {\"part\": \"布料2\", \"color\": \"浅灰/Light Gray\", \"hexColor\": \"#D3D3D3\"}]}], \"componentCode\": \"A\"}, {\"colorSchemes\": [{\"id\": \"scheme-1762697607034-0\", \"name\": \"配色方案1\", \"colors\": [{\"part\": \"掸头\", \"color\": \"橙色/Orange\", \"hexColor\": \"#FFA500\"}]}, {\"id\": \"scheme-1762697607034-1\", \"name\": \"配色方案2\", \"colors\": [{\"part\": \"掸头\", \"color\": \"玫红/Custom Color\", \"hexColor\": \"#FF1493\"}]}], \"componentCode\": \"B\"}, {\"colorSchemes\": [{\"id\": \"scheme-1762697607034-0\", \"name\": \"配色方案1\", \"colors\": [{\"part\": \"底座\", \"color\": \"玫红/Custom Color\", \"hexColor\": \"#FF1493\"}]}, {\"id\": \"scheme-1762697607034-1\", \"name\": \"配色方案2\", \"colors\": [{\"part\": \"底座\", \"color\": \"粉色/Pink\", \"hexColor\": \"#FFC0CB\"}]}], \"componentCode\": \"C\"}]',93.000000000000000000000000000000,'[\"/uploads/images/image_unnamed__4__1762942015528_l79i7t.png\", \"/uploads/images/image_unnamed__1__1762948313354_3g4w33.png\", \"/uploads/images/image_unnamed__1__1762937159263_lwpqzv.png\", \"/uploads/images/image_unnamed__2__1762948313403_ggwltz.png\", \"/uploads/images/image_unnamed__1__1762947989446_k2w52e.png\"]',NULL,1,NULL,'active','2025-11-09 14:13:27.000','2025-11-15 17:03:36.344',NULL,'Toilet Brush Set - Standard','A:Chenille Mop Head 42×12cm/75g\nB:Four-Hole Panel\nC:Full Polyester Coral Fleece Head'),('f8640d15-3fa2-4925-a54c-c41c7585e131','7f72791b-6100-4ed7-87a0-5ff76d2d36e4','C04.01.0002','多功能清洁套装-豪华款','Multi-Purpose Cleaning Set - 多功能清洁套装-豪华款',NULL,NULL,'A:雪尼尔拖把头42×12cm/75g','[{\"code\": \"A\", \"name\": \"布料\", \"spec\": \"家用型/Household Type\", \"parts\": [\"伸缩杆\"], \"nameEn\": \"Fabric\"}, {\"code\": \"B\", \"name\": \"掸头\", \"spec\": \"商用型/Commercial Type\", \"parts\": [\"拖把头\"], \"nameEn\": \"Duster Head\"}, {\"code\": \"C\", \"name\": \"底座\", \"spec\": \"商用型/Commercial Type\", \"parts\": [\"刷头\"], \"nameEn\": \"Base\"}, {\"code\": \"D\", \"name\": \"杆件\", \"spec\": \"经济型/Economy Type\", \"parts\": [\"抹布\"], \"nameEn\": \"Rod\"}]','[{\"colorSchemes\": [{\"id\": \"scheme-1762697606819-0\", \"name\": \"配色方案1\", \"colors\": [{\"part\": \"布料\", \"color\": \"草绿/Custom Color\", \"hexColor\": \"#7CFC00\"}, {\"part\": \"布料2\", \"color\": \"浅灰/Light Gray\", \"hexColor\": \"#D3D3D3\"}]}, {\"id\": \"scheme-1762697606819-1\", \"name\": \"配色方案2\", \"colors\": [{\"part\": \"布料\", \"color\": \"橙色/Orange\", \"hexColor\": \"#FFA500\"}, {\"part\": \"布料2\", \"color\": \"浅灰/Light Gray\", \"hexColor\": \"#D3D3D3\"}]}], \"componentCode\": \"A\"}, {\"colorSchemes\": [{\"id\": \"scheme-1762697606819-0\", \"name\": \"配色方案1\", \"colors\": [{\"part\": \"掸头\", \"color\": \"紫色/Purple\", \"hexColor\": \"#800080\"}]}, {\"id\": \"scheme-1762697606819-1\", \"name\": \"配色方案2\", \"colors\": [{\"part\": \"掸头\", \"color\": \"白色/White\", \"hexColor\": \"#FFFFFF\"}]}], \"componentCode\": \"B\"}, {\"colorSchemes\": [{\"id\": \"scheme-1762697606819-0\", \"name\": \"配色方案1\", \"colors\": [{\"part\": \"底座\", \"color\": \"棕色/Brown\", \"hexColor\": \"#A52A2A\"}]}, {\"id\": \"scheme-1762697606819-1\", \"name\": \"配色方案2\", \"colors\": [{\"part\": \"底座\", \"color\": \"黄色/Yellow\", \"hexColor\": \"#FFFF00\"}]}], \"componentCode\": \"C\"}, {\"colorSchemes\": [{\"id\": \"scheme-1762697606819-0\", \"name\": \"配色方案1\", \"colors\": [{\"part\": \"杆件\", \"color\": \"蓝色/Blue\", \"hexColor\": \"#0000FF\"}]}, {\"id\": \"scheme-1762697606819-1\", \"name\": \"配色方案2\", \"colors\": [{\"part\": \"杆件\", \"color\": \"紫色/Purple\", \"hexColor\": \"#800080\"}]}], \"componentCode\": \"D\"}]',112.000000000000000000000000000000,'[\"/uploads/images/image_coll4_1762948313275_tolfci.png\", \"/uploads/images/image_coll3_1762948283658_od926o.png\", \"/uploads/images/image_coll4_1762937241307_928qud.png\", \"/uploads/images/image_unnamed__1__1762948313354_3g4w33.png\", \"/uploads/images/image_unnamed__2__1762948113651_ltwrgy.png\"]',NULL,1,NULL,'active','2025-11-09 14:13:26.000','2025-11-15 17:04:16.287',NULL,'Multi - Function Cleaning Set - Deluxe','A:Chenille Mop Head 42×12cm/75g'),('fa4b05f4-0a27-40f6-ab69-ae5652c527d0','37d2704e-d537-49a1-9eee-a64ee53d72b8','C04.01.0019','清洁抹布-高级款','Cleaning Cloth - 清洁抹布-高级款',NULL,NULL,'A:全涤珊瑚绒布头\nB:底板39×9/125g\nC:可拆卸水桶配件\nD:四孔面板','[{\"code\": \"A\", \"name\": \"布料\", \"spec\": \"家用型/Household Type\", \"parts\": [\"布料\", \"布料2\"]}]','[{\"colorSchemes\": [{\"id\": \"scheme-1762697607208-0\", \"name\": \"配色方案1\", \"colors\": [{\"part\": \"布料\", \"color\": \"白色/White\", \"hexColor\": \"#FFFFFF\"}, {\"part\": \"布料2\", \"color\": \"浅灰/Light Gray\", \"hexColor\": \"#D3D3D3\"}]}, {\"id\": \"scheme-1762697607208-1\", \"name\": \"配色方案2\", \"colors\": [{\"part\": \"布料\", \"color\": \"黑色/Black\", \"hexColor\": \"#000000\"}, {\"part\": \"布料2\", \"color\": \"红色/Red\", \"hexColor\": \"#FF0000\"}]}], \"componentCode\": \"A\"}]',157.000000000000000000000000000000,'[\"/uploads/images/image_coll1_1762948283523_rkoy5y.png\", \"/uploads/images/image_coll1_1762948032727_cvu58d.png\", \"/uploads/images/image_unnamed__2__1762948113651_ltwrgy.png\", \"/uploads/images/image_unnamed__2__1762948313403_ggwltz.png\", \"/uploads/images/image_coll4_1762948015805_2b6aqd.png\"]',NULL,1,NULL,'active','2025-11-09 14:13:27.000','2025-11-15 17:03:36.367',NULL,'Cleaning Cloth - Premium','A:Full Polyester Coral Fleece Head\nB:Base Plate 39×9/125g\nC:Detachable Bucket Accessory\nD:Four-Hole Panel');
/*!40000 ALTER TABLE `product_skus` ENABLE KEYS */;
UNLOCK TABLES;

--
-- Dumping data for table `system_configs`
--

LOCK TABLES `system_configs` WRITE;
/*!40000 ALTER TABLE `system_configs` DISABLE KEYS */;
INSERT INTO `system_configs` VALUES ('0158e0b8-2f01-4c87-bf78-7db9eeed4f45','about_story1_desc1_zh','铭品日用品有限公司清洁成立于1995年，是一家专注于研发和生产高品质清洁用品的现代化企业。我们拥有先进的生产基地和专业的研发团队，致力于为客户提供优质的产品和服务。','text',NULL,'2025-11-18 16:36:06.583'),('12ff8417-fde3-4145-b138-137191569a2f','about_hero_title_line1_en','Professional Cleaning Products Manufacturer','text',NULL,'2025-11-18 16:36:06.582'),('1d95ad27-892c-418d-9ea7-ff9c14557b50','about_contact_phone','0579-86289002','text',NULL,'2025-11-18 16:36:06.574'),('2b67e0a0-6f43-44d1-bf4e-7db5088bd721','about_story1_image','/uploads/images/image_unnamed__2__1762948113651_ltwrgy.png','text',NULL,'2025-11-18 16:36:06.582'),('2dfabf0c-0c8b-4a44-b651-976592ae43f4','homepage_certificates','[{\"image\":\"/uploads/images/image_certificates_1763430886825_wwpck5.jpg\",\"label_zh\":\"ISO 9001\",\"label_en\":\"ISO 9001 0uality Management\"},{\"image\":\"/uploads/images/image_certificates2_1763431488187_qyqlp3.jpg\",\"label_zh\":\"ISO 9002\",\"label_en\":\"ISO 9002 0uality Management\"},{\"image\":\"/uploads/images/image_certificates3_1763433575532_779wpm.jpg\",\"label_zh\":\"ISO 9003\",\"label_en\":\"ISO 9003 0uality Management\"},{\"image\":\"/uploads/images/image_certificates4_1763433579289_jcgrts.jpg\",\"label_zh\":\"ISO 9004\",\"label_en\":\"ISO 9004 0uality Management\"}]','json',NULL,'2025-11-18 02:39:53.236'),('314ca4ee-91ad-40fc-b644-97dc33baaf9e','about_story2_title_en','Quality Commitment','text',NULL,'2025-11-18 16:36:06.582'),('3298ec2e-0337-4daf-be20-81fbfbd2c1e7','homepage_featured_products','[{\"titleZh\":\"组合套装系列\",\"titleEn\":\"Combo Sets Collection\",\"descriptionZh\":\"一站式清洁解决方案，满足全方位清洁需求\",\"descriptionEn\":\"One-stop cleaning solutions for all your needs\",\"categoryCode\":\"MP\",\"image\":\"/uploads/images/image_coll4_1762948015805_2b6aqd.png\",\"title\":\"CD001 - 双面玻璃清洁器\",\"description\":\"双面设计，一擦一刮，让玻璃洁净无痕迹\",\"title_en\":\"CD001-Double-sided Glass Cleaner\",\"description_en\":\"Dual-sided, wipes/scrapes glass, streak-free finish.\",\"link\":\"/products/ad28311d-cf79-4e1d-aeb2-735c7bb0d141\"},{\"titleZh\":\"拖把系列\",\"titleEn\":\"Mop Collection\",\"descriptionZh\":\"创新设计，高效清洁，让地板焕然一新\",\"descriptionEn\":\"Innovative designs for efficient floor cleaning\",\"categoryCode\":\"TB\",\"image\":\"/uploads/images/image_unnamed__2__1762948019212_it0tsc.png\",\"title\":\"W001 - 抗菌马桶刷\",\"description\":\"抗菌刷毛，深入清洁马桶，易冲洗晾干\",\"title_en\":\"W001-Antibacterial Toilet Brush\",\"description_en\":\"Antibacterial bristles, deep cleans toilet\",\"link\":\"/products/9ab734d1-3bc7-478a-b5b3-0fa085402013\"},{\"titleZh\":\"刷类系列\",\"titleEn\":\"Brush Collection\",\"descriptionZh\":\"专业清洁工具，应对各种清洁挑战\",\"descriptionEn\":\"Professional cleaning tools for every challenge\",\"categoryCode\":\"S\",\"title\":\"MX001 - 多功能平板拖把\",\"image\":\"/uploads/images/image_unnamed__4__1762948024006_n310xo.png\",\"description\":\"高密度纤维拖布，高效清洁木地板、瓷砖等多种地面\",\"title_en\":\"MX001-Multi-functional Flat Mop\",\"description_en\":\"High-density fiber, cleans wood\",\"link\":\"/products/2407def2-0c16-4a77-ad13-c3694fa13d26\"},{\"titleZh\":\"车用清洁系列\",\"titleEn\":\"Car Cleaning Collection\",\"descriptionZh\":\"专业汽车清洁用品，呵护您的爱车\",\"descriptionEn\":\"Professional car care products for your vehicle\",\"categoryCode\":\"QC\",\"image\":\"/uploads/images/image_coll1_1762948032727_cvu58d.png\",\"title\":\"MB001 - 可伸缩除尘掸\",\"description\":\"360° 无死角除尘，可伸缩杆设计，材质不易掉毛\",\"title_en\":\"MB001-Retractable Duster  Mop \",\"description_en\":\"360° dusting, retractable pole, lint-free material.\",\"link\":\"/products/41f014e5-939e-4515-982b-d91c6d86d9c4\"}]','json',NULL,'2025-11-18 02:39:53.236'),('37b0e825-3338-4952-b5e9-27c63e3f79ea','homepage_hero_title_en','Professional Cleaning Solutions','text',NULL,'2025-11-09 13:15:13.000'),('407e7981-7e8c-429a-aff7-7cd0b67434ea','about_story2_desc2_en','Continuous R&D investment and introduction of advanced technology.','text',NULL,'2025-11-18 16:36:06.583'),('43301ac7-29d7-4e55-86d1-b43ab3e613f0','homepage_heroTitle','welcome to lemopx','text',NULL,'2025-11-08 14:13:14.000'),('48b0612c-ffa9-402b-bb92-2f776f3a8e61','about_story1_desc2_zh','经过二十余年的发展，我们的产品已远销欧美、东南亚等30多个国家和地区，深受全球客户的信赖与好评。','text',NULL,'2025-11-18 16:36:06.583'),('4bc1dd51-0db4-40b6-829a-ab41fd042ef9','about_story1_desc2_en','After more than a decade of development, our products are exported to over 30 countries worldwide.','text',NULL,'2025-11-18 16:36:06.583'),('5fc24149-b651-4621-bb85-1e3bc2e3c405','homepage_hero_subtitle_zh','为您的家庭和企业提供优质清洁产品','text',NULL,'2025-11-09 13:15:13.000'),('643657c2-4371-4733-8d9d-3e2353914288','homepage_hero_images','[\"/uploads/images/image_coll4_1763398807344_v02h29.png\",\"/uploads/images/image_coll3_1763398823294_x2kuag.png\",\"/uploads/images/image_coll1_1763432924080_mr0d3u.png\"]','json',NULL,'2025-11-18 02:39:53.236'),('722153a3-54bf-44b0-83cb-0764bf71fced','homepage_hero_image','/uploads/images/image_coll4_1763394767416_x5r0e5.png','text',NULL,'2025-11-18 02:39:53.236'),('75ac1dee-c9f3-45b4-b80b-2e372aa60f0e','about_story1_desc1_en','Founded in 1995, Mingpin Daily Necessities Co., Ltd. is a modern enterprise specializing in the R&D and manufacturing of high-quality cleaning supplies.','text',NULL,'2025-11-18 16:36:06.583'),('770ead09-74c1-4f0a-931a-063631debf92','about_contact_address_zh','浙江省东阳市南马镇泉府工业区','text',NULL,'2025-11-18 16:36:06.582'),('79d32dff-ae06-4628-87e7-1b186655710c','about_contact_address_en','Quanfu Industrial Zone, Nanma Town, Dongyang City, Zhejiang Province, China','text',NULL,'2025-11-18 16:36:06.573'),('82b920ce-5035-4f13-a233-e93b96fe58c2','about_hero_subtitle_en','Since 1995, committed to providing high-quality, innovative cleaning solutions to customers worldwide','text',NULL,'2025-11-18 16:36:06.582'),('84b0f9df-65cd-4e55-b202-251a929b1395','about_story2_desc1_en','We have established a strict quality control system from raw materials to manufacturing.','text',NULL,'2025-11-18 16:36:06.582'),('87b0ba03-61f1-44b1-b245-53d92d0b6ffe','about_story_image_1','/uploads/images/image______________20250709180313_1762018221534_ne99ma.png','text',NULL,'2025-11-08 14:23:56.000'),('9490c772-14e9-46b1-a8b7-1a583298633f','about_factory_carousel','[{\"media_type\":\"video\",\"media_url\":\"/uploads/videos/video_test_1762946278991_d5dhet.mp4\",\"label_en\":\"Factory\",\"label_zh\":\"工厂简介\",\"video_autoplay\":true,\"video_loop\":true,\"video_muted\":true},{\"media_type\":\"image\",\"media_url\":\"/uploads/images/image_coll4_1762948182659_dfv3cb.png\",\"label_en\":\"Production Line\",\"label_zh\":\"生产线\",\"video_autoplay\":true,\"video_loop\":true,\"video_muted\":true},{\"media_type\":\"image\",\"media_url\":\"/uploads/images/image_unnamed__2__1762951530648_xemt95.png\",\"label_en\":\" Qualification Certificate\",\"label_zh\":\"资质证书\",\"video_autoplay\":true,\"video_loop\":true,\"video_muted\":true}]','json',NULL,'2025-11-18 16:36:06.582'),('a1a10d6d-6a74-47f0-a2ac-5f871adf45bc','about_hero_image','/uploads/images/image_coll1_1763141005451_ikhgoj.png','text',NULL,'2025-11-18 16:36:06.582'),('a4692233-50be-49a5-bc4a-98577c384fda','about_story2_desc2_zh','持续投入研发，引进先进技术，不断推出符合市场需求的创新产品。','text',NULL,'2025-11-18 16:36:06.583'),('a6afba7e-7f7e-4439-a479-b42e1518885b','about_hero_subtitle_zh','自1995年成立以来，致力于为全球客户提供高品质、创新的清洁解决方案','text',NULL,'2025-11-18 16:36:06.582'),('a918347a-375f-4245-9179-b371c1c60813','about_story2_desc1_zh','我们建立了严格的质量控制体系，从原材料采购到生产制造，每一个环节都经过严格把关。','text',NULL,'2025-11-18 16:36:06.583'),('a93f44d2-f885-4450-a6d5-3c0db06d1e0f','about_story_image_2','/uploads/images/image_6530a6de54183c62fba496db2e39dbf3_1762611835101_a8e076.png','text',NULL,'2025-11-08 14:23:56.000'),('bc96b290-6f13-458f-8e1f-effe02fb7f80','about_hero_title_line1_zh','专业清洁用品制造商','text',NULL,'2025-11-18 16:36:06.582'),('be834129-6c29-4218-842d-aeac7724909b','site_socialMedia','{\"facebook\":\"https://facebook.com/lemopx\"}','json',NULL,'2025-11-08 15:41:48.000'),('c0027d75-0da8-47e6-b9dd-6608f89cf006','about_contact_email','XXL7702@163.com','text',NULL,'2025-11-18 16:36:06.573'),('c0435b16-616c-4851-9f76-29f2c35034e6','about_hero_title_line2_zh','值得信赖的品质','text',NULL,'2025-11-18 16:36:06.583'),('c56d09d1-270d-47ba-9a62-554867665f32','homepage_hero_title_zh','专业清洁解决方案','text',NULL,'2025-11-09 13:15:13.000'),('d2c3b0f2-99a0-4b4b-9652-f021fe4ea9ee','homepage_heroImage','/uploads/images/image______________20250812094530_39_1762085990687_8i5ng0.jpg','text',NULL,'2025-11-02 12:21:04.000'),('d3bc4b2a-c0a8-4720-84c8-241951a570af','about_story2_image','/uploads/images/image_unnamed__3__1762948120295_gprp1j.png','text',NULL,'2025-11-18 16:36:06.582'),('de948bdf-30af-40f3-a08c-862ca26023e0','about_story2_title_zh','质量承诺','text',NULL,'2025-11-18 16:36:06.582'),('e3fa0e4b-5fd5-46d8-b34a-07117b2f9254','homepage_hero_subtitle_en','Quality cleaning products for your home and business','text',NULL,'2025-11-09 13:15:13.000'),('ed65d515-2ede-48ca-86c9-3b9445120404','about_story1_title_en','Our Story','text',NULL,'2025-11-18 16:36:06.582'),('ed9e761d-2d37-4a7f-87e9-c9928f7376b7','about_hero_title_line2_en','Trusted Quality','text',NULL,'2025-11-18 16:36:06.582'),('f10a80dd-4ec8-4616-b7ed-ec3188ae2f91','about_story1_title_zh','我们的故事','text',NULL,'2025-11-18 16:36:06.582');
/*!40000 ALTER TABLE `system_configs` ENABLE KEYS */;
UNLOCK TABLES;

--
-- Dumping data for table `certifications`
--

LOCK TABLES `certifications` WRITE;
/*!40000 ALTER TABLE `certifications` DISABLE KEYS */;
/*!40000 ALTER TABLE `certifications` ENABLE KEYS */;
UNLOCK TABLES;

--
-- Dumping data for table `homepage_featured`
--

LOCK TABLES `homepage_featured` WRITE;
/*!40000 ALTER TABLE `homepage_featured` DISABLE KEYS */;
/*!40000 ALTER TABLE `homepage_featured` ENABLE KEYS */;
UNLOCK TABLES;
/*!40103 SET TIME_ZONE=@OLD_TIME_ZONE */;

/*!40101 SET SQL_MODE=@OLD_SQL_MODE */;
/*!40014 SET FOREIGN_KEY_CHECKS=@OLD_FOREIGN_KEY_CHECKS */;
/*!40014 SET UNIQUE_CHECKS=@OLD_UNIQUE_CHECKS */;
/*!40101 SET CHARACTER_SET_CLIENT=@OLD_CHARACTER_SET_CLIENT */;
/*!40101 SET CHARACTER_SET_RESULTS=@OLD_CHARACTER_SET_RESULTS */;
/*!40101 SET COLLATION_CONNECTION=@OLD_COLLATION_CONNECTION */;
/*!40111 SET SQL_NOTES=@OLD_SQL_NOTES */;

-- Dump completed on 2025-11-23 19:49:05
